{
  "Total" : {
    "transaction" : "Total",
    "sampleCount" : 1000,
    "errorCount" : 500,
    "errorPct" : 50.0,
    "meanResTime" : 88.19900000000007,
    "medianResTime" : 56.0,
    "minResTime" : 17.0,
    "maxResTime" : 615.0,
    "pct1ResTime" : 208.0,
    "pct2ResTime" : 250.94999999999993,
    "pct3ResTime" : 360.0,
    "throughput" : 11.196076894656112,
    "receivedKBytesPerSec" : 6.161122392713594,
    "sentKBytesPerSec" : 7.8011727190792355
  },
  "Create CSR" : {
    "transaction" : "Create CSR",
    "sampleCount" : 500,
    "errorCount" : 0,
    "errorPct" : 0.0,
    "meanResTime" : 154.594,
    "medianResTime" : 140.0,
    "minResTime" : 49.0,
    "maxResTime" : 615.0,
    "pct1ResTime" : 250.90000000000003,
    "pct2ResTime" : 280.84999999999997,
    "pct3ResTime" : 440.6600000000003,
    "throughput" : 5.5992295460144685,
    "receivedKBytesPerSec" : 5.074301776075612,
    "sentKBytesPerSec" : 0.0
  },
  "HTTP Request - enroll" : {
    "transaction" : "HTTP Request - enroll",
    "sampleCount" : 500,
    "errorCount" : 500,
    "errorPct" : 100.0,
    "meanResTime" : 21.804,
    "medianResTime" : 20.0,
    "minResTime" : 17.0,
    "maxResTime" : 245.0,
    "pct1ResTime" : 22.0,
    "pct2ResTime" : 23.0,
    "pct3ResTime" : 79.92000000000007,
    "throughput" : 5.61047588056419,
    "receivedKBytesPerSec" : 1.0903170900705799,
    "sentKBytesPerSec" : 7.818504962465917
  }
}