{
  "Total" : {
    "transaction" : "Total",
    "sampleCount" : 20000,
    "errorCount" : 0,
    "errorPct" : 0.0,
    "meanResTime" : 158.1659499999999,
    "medianResTime" : 152.5,
    "minResTime" : 7.0,
    "maxResTime" : 3983.0,
    "pct1ResTime" : 311.0,
    "pct2ResTime" : 313.0,
    "pct3ResTime" : 316.0,
    "throughput" : 6.308057786855774,
    "receivedKBytesPerSec" : 9.609551699540585,
    "sentKBytesPerSec" : 2.531847412497777
  },
  "Create CSR" : {
    "transaction" : "Create CSR",
    "sampleCount" : 10000,
    "errorCount" : 0,
    "errorPct" : 0.0,
    "meanResTime" : 8.291499999999992,
    "medianResTime" : 8.0,
    "minResTime" : 7.0,
    "maxResTime" : 12.0,
    "pct1ResTime" : 9.0,
    "pct2ResTime" : 9.0,
    "pct3ResTime" : 9.0,
    "throughput" : 3.154341288371773,
    "receivedKBytesPerSec" : 0.9857316526161791,
    "sentKBytesPerSec" : 0.0
  },
  "HTTP Request - enroll" : {
    "transaction" : "HTTP Request - enroll",
    "sampleCount" : 10000,
    "errorCount" : 0,
    "errorPct" : 0.0,
    "meanResTime" : 308.04040000000225,
    "medianResTime" : 307.0,
    "minResTime" : 293.0,
    "maxResTime" : 3983.0,
    "pct1ResTime" : 313.0,
    "pct2ResTime" : 314.0,
    "pct3ResTime" : 319.0,
    "throughput" : 3.1541950320797407,
    "receivedKBytesPerSec" : 8.624371935699527,
    "sentKBytesPerSec" : 2.5319807777046357
  }
}