{
  "Total" : {
    "transaction" : "Total",
    "sampleCount" : 12,
    "errorCount" : 0,
    "errorPct" : 0.0,
    "meanResTime" : 986.4999999999998,
    "medianResTime" : 128.5,
    "minResTime" : 9.0,
    "maxResTime" : 3783.0,
    "pct1ResTime" : 3783.0,
    "pct2ResTime" : 3783.0,
    "pct3ResTime" : 3783.0,
    "throughput" : 2.7124773960216997,
    "receivedKBytesPerSec" : 4.13206904102622,
    "sentKBytesPerSec" : 1.0886994235985532
  },
  "OS Process Sampler" : {
    "transaction" : "OS Process Sampler",
    "sampleCount" : 6,
    "errorCount" : 0,
    "errorPct" : 0.0,
    "meanResTime" : 10.5,
    "medianResTime" : 10.0,
    "minResTime" : 9.0,
    "maxResTime" : 14.0,
    "pct1ResTime" : 14.0,
    "pct2ResTime" : 14.0,
    "pct3ResTime" : 14.0,
    "throughput" : 1.4388489208633093,
    "receivedKBytesPerSec" : 0.44964028776978415,
    "sentKBytesPerSec" : 0.0
  },
  "HTTP Request - enroll" : {
    "transaction" : "HTTP Request - enroll",
    "sampleCount" : 6,
    "errorCount" : 0,
    "errorPct" : 0.0,
    "meanResTime" : 1962.4999999999998,
    "medianResTime" : 1856.0,
    "minResTime" : 243.0,
    "maxResTime" : 3783.0,
    "pct1ResTime" : 3783.0,
    "pct2ResTime" : 3783.0,
    "pct3ResTime" : 3783.0,
    "throughput" : 1.4818473697209187,
    "receivedKBytesPerSec" : 4.051685215485304,
    "sentKBytesPerSec" : 1.1895298221783155
  }
}