{
  "Total" : {
    "transaction" : "Total",
    "sampleCount" : 153600,
    "errorCount" : 162,
    "errorPct" : 0.10546875,
    "meanResTime" : 76.96945312499902,
    "medianResTime" : 46.0,
    "minResTime" : 8.0,
    "maxResTime" : 6985.0,
    "pct1ResTime" : 80.0,
    "pct2ResTime" : 89.0,
    "pct3ResTime" : 112.0,
    "throughput" : 309.30575357030665,
    "receivedKBytesPerSec" : 529.4387097516139,
    "sentKBytesPerSec" : 137.9072868715213
  },
  "Create CSR" : {
    "transaction" : "Create CSR",
    "sampleCount" : 76800,
    "errorCount" : 0,
    "errorPct" : 0.0,
    "meanResTime" : 26.642539062499537,
    "medianResTime" : 24.0,
    "minResTime" : 8.0,
    "maxResTime" : 161.0,
    "pct1ResTime" : 38.0,
    "pct2ResTime" : 42.0,
    "pct3ResTime" : 52.0,
    "throughput" : 154.6628430574911,
    "receivedKBytesPerSec" : 60.69803093105823,
    "sentKBytesPerSec" : 0.0
  },
  "HTTP Request - enroll" : {
    "transaction" : "HTTP Request - enroll",
    "sampleCount" : 76800,
    "errorCount" : 162,
    "errorPct" : 0.2109375,
    "meanResTime" : 127.29636718750073,
    "medianResTime" : 67.0,
    "minResTime" : 24.0,
    "maxResTime" : 6985.0,
    "pct1ResTime" : 89.0,
    "pct2ResTime" : 97.0,
    "pct3ResTime" : 2211.3400000001056,
    "throughput" : 154.7363840041263,
    "receivedKBytesPerSec" : 468.9976960327898,
    "sentKBytesPerSec" : 137.98175204955191
  }
}