{
  "Total" : {
    "transaction" : "Total",
    "sampleCount" : 30000,
    "errorCount" : 0,
    "errorPct" : 0.0,
    "meanResTime" : 91.33410000000059,
    "medianResTime" : 49.0,
    "minResTime" : 18.0,
    "maxResTime" : 777.0,
    "pct1ResTime" : 206.0,
    "pct2ResTime" : 255.0,
    "pct3ResTime" : 360.0,
    "throughput" : 32.620041753653446,
    "receivedKBytesPerSec" : 113.19665238520464,
    "sentKBytesPerSec" : 22.85632808422495
  },
  "OS Process Sampler" : {
    "transaction" : "OS Process Sampler",
    "sampleCount" : 15000,
    "errorCount" : 0,
    "errorPct" : 0.0,
    "meanResTime" : 151.90559999999968,
    "medianResTime" : 135.0,
    "minResTime" : 44.0,
    "maxResTime" : 777.0,
    "pct1ResTime" : 254.0,
    "pct2ResTime" : 298.0,
    "pct3ResTime" : 396.0,
    "throughput" : 16.310872174956938,
    "receivedKBytesPerSec" : 14.781727908554727,
    "sentKBytesPerSec" : 0.0
  },
  "HTTP Request - enroll" : {
    "transaction" : "HTTP Request - enroll",
    "sampleCount" : 15000,
    "errorCount" : 0,
    "errorPct" : 0.0,
    "meanResTime" : 30.762600000000045,
    "medianResTime" : 30.0,
    "minResTime" : 18.0,
    "maxResTime" : 417.0,
    "pct1ResTime" : 40.0,
    "pct2ResTime" : 43.0,
    "pct3ResTime" : 47.98999999999978,
    "throughput" : 16.320863830680832,
    "receivedKBytesPerSec" : 98.48112303387994,
    "sentKBytesPerSec" : 22.87152304397167
  }
}