{
  "Total" : {
    "transaction" : "Total",
    "sampleCount" : 60,
    "errorCount" : 0,
    "errorPct" : 0.0,
    "meanResTime" : 360.0166666666667,
    "medianResTime" : 259.5,
    "minResTime" : 183.0,
    "maxResTime" : 1300.0,
    "pct1ResTime" : 582.1999999999999,
    "pct2ResTime" : 881.5499999999996,
    "pct3ResTime" : 1300.0,
    "throughput" : 7.419314949919625,
    "receivedKBytesPerSec" : 31.9918107379127,
    "sentKBytesPerSec" : 6.437559895511314
  },
  "OS Process Sampler" : {
    "transaction" : "OS Process Sampler",
    "sampleCount" : 30,
    "errorCount" : 0,
    "errorPct" : 0.0,
    "meanResTime" : 473.33333333333337,
    "medianResTime" : 381.5,
    "minResTime" : 196.0,
    "maxResTime" : 1300.0,
    "pct1ResTime" : 877.1000000000001,
    "pct2ResTime" : 1290.1,
    "pct3ResTime" : 1300.0,
    "throughput" : 3.8945865247306246,
    "receivedKBytesPerSec" : 4.822593470076593,
    "sentKBytesPerSec" : 0.0
  },
  "HTTP Request - enroll" : {
    "transaction" : "HTTP Request - enroll",
    "sampleCount" : 30,
    "errorCount" : 0,
    "errorPct" : 0.0,
    "meanResTime" : 246.70000000000002,
    "medianResTime" : 237.0,
    "minResTime" : 183.0,
    "maxResTime" : 521.0,
    "pct1ResTime" : 372.0000000000002,
    "pct2ResTime" : 474.79999999999995,
    "pct3ResTime" : 521.0,
    "throughput" : 3.9856516540454363,
    "receivedKBytesPerSec" : 29.436606342168194,
    "sentKBytesPerSec" : 6.916506825428457
  }
}