{
  "Total" : {
    "transaction" : "Total",
    "sampleCount" : 12,
    "errorCount" : 6,
    "errorPct" : 50.0,
    "meanResTime" : 40.333333333333336,
    "medianResTime" : 9.0,
    "minResTime" : 1.0,
    "maxResTime" : 204.0,
    "pct1ResTime" : 204.0,
    "pct2ResTime" : 204.0,
    "pct3ResTime" : 204.0,
    "throughput" : 16.949152542372882,
    "receivedKBytesPerSec" : 4.336599576271187,
    "sentKBytesPerSec" : 1.9282971398305087
  },
  "OS Process Sampler" : {
    "transaction" : "OS Process Sampler",
    "sampleCount" : 6,
    "errorCount" : 0,
    "errorPct" : 0.0,
    "meanResTime" : 9.333333333333334,
    "medianResTime" : 9.0,
    "minResTime" : 9.0,
    "maxResTime" : 10.0,
    "pct1ResTime" : 10.0,
    "pct2ResTime" : 10.0,
    "pct3ResTime" : 10.0,
    "throughput" : 8.522727272727272,
    "receivedKBytesPerSec" : 2.663352272727273,
    "sentKBytesPerSec" : 0.0
  },
  "HTTP Request - enroll" : {
    "transaction" : "HTTP Request - enroll",
    "sampleCount" : 6,
    "errorCount" : 6,
    "errorPct" : 100.0,
    "meanResTime" : 71.33333333333333,
    "medianResTime" : 9.0,
    "minResTime" : 1.0,
    "maxResTime" : 204.0,
    "pct1ResTime" : 204.0,
    "pct2ResTime" : 204.0,
    "pct3ResTime" : 204.0,
    "throughput" : 22.900763358778626,
    "receivedKBytesPerSec" : 4.562261450381679,
    "sentKBytesPerSec" : 5.21081822519084
  }
}