{
  "Total" : {
    "transaction" : "Total",
    "sampleCount" : 1500,
    "errorCount" : 0,
    "errorPct" : 0.0,
    "meanResTime" : 248.19866666666684,
    "medianResTime" : 248.0,
    "minResTime" : 152.0,
    "maxResTime" : 455.0,
    "pct1ResTime" : 259.0,
    "pct2ResTime" : 264.0,
    "pct3ResTime" : 280.99,
    "throughput" : 12.054486277976453,
    "receivedKBytesPerSec" : 89.02982888907863,
    "sentKBytesPerSec" : 20.918771597621248
  },
  "HTTP Request - enroll" : {
    "transaction" : "HTTP Request - enroll",
    "sampleCount" : 1500,
    "errorCount" : 0,
    "errorPct" : 0.0,
    "meanResTime" : 248.19866666666684,
    "medianResTime" : 248.0,
    "minResTime" : 152.0,
    "maxResTime" : 455.0,
    "pct1ResTime" : 259.0,
    "pct2ResTime" : 264.0,
    "pct3ResTime" : 280.99,
    "throughput" : 12.054486277976453,
    "receivedKBytesPerSec" : 89.02982888907863,
    "sentKBytesPerSec" : 20.918771597621248
  }
}