{
  "Total" : {
    "transaction" : "Total",
    "sampleCount" : 32000,
    "errorCount" : 0,
    "errorPct" : 0.0,
    "meanResTime" : 1261.7257812500104,
    "medianResTime" : 577.5,
    "minResTime" : 8.0,
    "maxResTime" : 4372.0,
    "pct1ResTime" : 2859.0,
    "pct2ResTime" : 3093.9500000000007,
    "pct3ResTime" : 3495.9900000000016,
    "throughput" : 25.192962345968652,
    "receivedKBytesPerSec" : 38.41370587442805,
    "sentKBytesPerSec" : 10.164677587159778
  },
  "Create CSR" : {
    "transaction" : "Create CSR",
    "sampleCount" : 16000,
    "errorCount" : 0,
    "errorPct" : 0.0,
    "meanResTime" : 61.609000000000066,
    "medianResTime" : 62.0,
    "minResTime" : 8.0,
    "maxResTime" : 138.0,
    "pct1ResTime" : 75.0,
    "pct2ResTime" : 78.0,
    "pct3ResTime" : 85.0,
    "throughput" : 12.601511078697225,
    "receivedKBytesPerSec" : 3.9733524311859045,
    "sentKBytesPerSec" : 0.0
  },
  "HTTP Request - enroll" : {
    "transaction" : "HTTP Request - enroll",
    "sampleCount" : 16000,
    "errorCount" : 0,
    "errorPct" : 0.0,
    "meanResTime" : 2461.842562500001,
    "medianResTime" : 2439.5,
    "minResTime" : 502.0,
    "maxResTime" : 4372.0,
    "pct1ResTime" : 3089.0,
    "pct2ResTime" : 3288.0,
    "pct3ResTime" : 3654.9799999999996,
    "throughput" : 12.600250744989825,
    "receivedKBytesPerSec" : 34.45224636630425,
    "sentKBytesPerSec" : 10.167719427460357
  }
}