{
  "Total" : {
    "transaction" : "Total",
    "sampleCount" : 32000,
    "errorCount" : 102,
    "errorPct" : 0.31875,
    "meanResTime" : 1142.8884687500056,
    "medianResTime" : 173.5,
    "minResTime" : 25.0,
    "maxResTime" : 14760.0,
    "pct1ResTime" : 2937.0,
    "pct2ResTime" : 3695.5500000000065,
    "pct3ResTime" : 5456.920000000013,
    "throughput" : 27.424144388120204,
    "receivedKBytesPerSec" : 117.70114615649545,
    "sentKBytesPerSec" : 23.853013281427426
  },
  "Create CSR" : {
    "transaction" : "Create CSR",
    "sampleCount" : 16000,
    "errorCount" : 0,
    "errorPct" : 0.0,
    "meanResTime" : 2057.352312500008,
    "medianResTime" : 1776.0,
    "minResTime" : 144.0,
    "maxResTime" : 10428.0,
    "pct1ResTime" : 3673.8999999999996,
    "pct2ResTime" : 4449.899999999998,
    "pct3ResTime" : 6170.98,
    "throughput" : 13.712401238572642,
    "receivedKBytesPerSec" : 17.01830851960059,
    "sentKBytesPerSec" : 0.0
  },
  "HTTP Request - enroll" : {
    "transaction" : "HTTP Request - enroll",
    "sampleCount" : 16000,
    "errorCount" : 102,
    "errorPct" : 0.6375,
    "meanResTime" : 228.42462500000235,
    "medianResTime" : 42.0,
    "minResTime" : 25.0,
    "maxResTime" : 14760.0,
    "pct1ResTime" : 56.0,
    "pct2ResTime" : 78.0,
    "pct3ResTime" : 7371.799999999996,
    "throughput" : 13.725140339559973,
    "receivedKBytesPerSec" : 100.77920111399888,
    "sentKBytesPerSec" : 23.875746143664475
  }
}