{
  "Total" : {
    "transaction" : "Total",
    "sampleCount" : 300,
    "errorCount" : 0,
    "errorPct" : 0.0,
    "meanResTime" : 235.42333333333332,
    "medianResTime" : 234.0,
    "minResTime" : 175.0,
    "maxResTime" : 450.0,
    "pct1ResTime" : 246.90000000000003,
    "pct2ResTime" : 267.84999999999997,
    "pct3ResTime" : 318.8700000000001,
    "throughput" : 12.607160867372668,
    "receivedKBytesPerSec" : 38.263430894373,
    "sentKBytesPerSec" : 11.203629286434696
  },
  "HTTP Request - enroll" : {
    "transaction" : "HTTP Request - enroll",
    "sampleCount" : 300,
    "errorCount" : 0,
    "errorPct" : 0.0,
    "meanResTime" : 235.42333333333332,
    "medianResTime" : 234.0,
    "minResTime" : 175.0,
    "maxResTime" : 450.0,
    "pct1ResTime" : 246.90000000000003,
    "pct2ResTime" : 267.84999999999997,
    "pct3ResTime" : 318.8700000000001,
    "throughput" : 12.607160867372668,
    "receivedKBytesPerSec" : 38.263430894373,
    "sentKBytesPerSec" : 11.203629286434696
  }
}