{
  "Total" : {
    "transaction" : "Total",
    "sampleCount" : 100,
    "errorCount" : 100,
    "errorPct" : 100.0,
    "meanResTime" : 25.99,
    "medianResTime" : 21.5,
    "minResTime" : 18.0,
    "maxResTime" : 383.0,
    "pct1ResTime" : 27.0,
    "pct2ResTime" : 31.899999999999977,
    "pct3ResTime" : 379.56999999999823,
    "throughput" : 36.03603603603604,
    "receivedKBytesPerSec" : 11.683558558558559,
    "sentKBytesPerSec" : 32.022804054054056
  },
  "HTTP Request - enroll" : {
    "transaction" : "HTTP Request - enroll",
    "sampleCount" : 100,
    "errorCount" : 100,
    "errorPct" : 100.0,
    "meanResTime" : 25.99,
    "medianResTime" : 21.5,
    "minResTime" : 18.0,
    "maxResTime" : 383.0,
    "pct1ResTime" : 27.0,
    "pct2ResTime" : 31.899999999999977,
    "pct3ResTime" : 379.56999999999823,
    "throughput" : 36.03603603603604,
    "receivedKBytesPerSec" : 11.683558558558559,
    "sentKBytesPerSec" : 32.022804054054056
  }
}