{
  "Total" : {
    "transaction" : "Total",
    "sampleCount" : 15000,
    "errorCount" : 0,
    "errorPct" : 0.0,
    "meanResTime" : 254.2243333333338,
    "medianResTime" : 256.0,
    "minResTime" : 183.0,
    "maxResTime" : 515.0,
    "pct1ResTime" : 269.0,
    "pct2ResTime" : 272.0,
    "pct3ResTime" : 284.0,
    "throughput" : 11.768444094006332,
    "receivedKBytesPerSec" : 32.17786443316308,
    "sentKBytesPerSec" : 9.446934614524613
  },
  "HTTP Request - enroll" : {
    "transaction" : "HTTP Request - enroll",
    "sampleCount" : 15000,
    "errorCount" : 0,
    "errorPct" : 0.0,
    "meanResTime" : 254.2243333333338,
    "medianResTime" : 256.0,
    "minResTime" : 183.0,
    "maxResTime" : 515.0,
    "pct1ResTime" : 269.0,
    "pct2ResTime" : 272.0,
    "pct3ResTime" : 284.0,
    "throughput" : 11.768444094006332,
    "receivedKBytesPerSec" : 32.17786443316308,
    "sentKBytesPerSec" : 9.446934614524613
  }
}