{
  "Total" : {
    "transaction" : "Total",
    "sampleCount" : 30,
    "errorCount" : 0,
    "errorPct" : 0.0,
    "meanResTime" : 300.53333333333336,
    "medianResTime" : 222.5,
    "minResTime" : 114.0,
    "maxResTime" : 783.0,
    "pct1ResTime" : 614.2000000000003,
    "pct2ResTime" : 723.05,
    "pct3ResTime" : 783.0,
    "throughput" : 7.684426229508197,
    "receivedKBytesPerSec" : 33.13483566534324,
    "sentKBytesPerSec" : 6.667590532146517
  },
  "OS Process Sampler" : {
    "transaction" : "OS Process Sampler",
    "sampleCount" : 15,
    "errorCount" : 0,
    "errorPct" : 0.0,
    "meanResTime" : 406.1333333333333,
    "medianResTime" : 386.0,
    "minResTime" : 197.0,
    "maxResTime" : 783.0,
    "pct1ResTime" : 717.6,
    "pct2ResTime" : 783.0,
    "pct3ResTime" : 783.0,
    "throughput" : 3.995737879595098,
    "receivedKBytesPerSec" : 4.947847296217368,
    "sentKBytesPerSec" : 0.0
  },
  "HTTP Request - enroll" : {
    "transaction" : "HTTP Request - enroll",
    "sampleCount" : 15,
    "errorCount" : 0,
    "errorPct" : 0.0,
    "meanResTime" : 194.93333333333334,
    "medianResTime" : 148.0,
    "minResTime" : 114.0,
    "maxResTime" : 399.0,
    "pct1ResTime" : 396.0,
    "pct2ResTime" : 399.0,
    "pct3ResTime" : 399.0,
    "throughput" : 5.3418803418803416,
    "receivedKBytesPerSec" : 39.45305544426638,
    "sentKBytesPerSec" : 9.270040397970085
  }
}