{
  "Total" : {
    "transaction" : "Total",
    "sampleCount" : 16000,
    "errorCount" : 0,
    "errorPct" : 0.0,
    "meanResTime" : 523.9406249999963,
    "medianResTime" : 295.0,
    "minResTime" : 10.0,
    "maxResTime" : 1659.0,
    "pct1ResTime" : 1063.0,
    "pct2ResTime" : 1117.0,
    "pct3ResTime" : 1218.0,
    "throughput" : 30.378458634981936,
    "receivedKBytesPerSec" : 52.072204701208875,
    "sentKBytesPerSec" : 13.530792424466812
  },
  "Create CSR" : {
    "transaction" : "Create CSR",
    "sampleCount" : 8000,
    "errorCount" : 0,
    "errorPct" : 0.0,
    "meanResTime" : 68.03074999999993,
    "medianResTime" : 70.0,
    "minResTime" : 10.0,
    "maxResTime" : 172.0,
    "pct1ResTime" : 88.0,
    "pct2ResTime" : 93.0,
    "pct3ResTime" : 102.0,
    "throughput" : 15.201293630087921,
    "receivedKBytesPerSec" : 5.957593319316475,
    "sentKBytesPerSec" : 0.0
  },
  "HTTP Request - enroll" : {
    "transaction" : "HTTP Request - enroll",
    "sampleCount" : 8000,
    "errorCount" : 0,
    "errorPct" : 0.0,
    "meanResTime" : 979.8505000000001,
    "medianResTime" : 969.0,
    "minResTime" : 418.0,
    "maxResTime" : 1659.0,
    "pct1ResTime" : 1117.0,
    "pct2ResTime" : 1165.0,
    "pct3ResTime" : 1260.0,
    "throughput" : 15.197481777269505,
    "receivedKBytesPerSec" : 46.1443966469131,
    "sentKBytesPerSec" : 13.538143838940886
  }
}