{
  "Total" : {
    "transaction" : "Total",
    "sampleCount" : 153600,
    "errorCount" : 0,
    "errorPct" : 0.0,
    "meanResTime" : 50.941601562499194,
    "medianResTime" : 53.0,
    "minResTime" : 7.0,
    "maxResTime" : 533.0,
    "pct1ResTime" : 107.0,
    "pct2ResTime" : 116.0,
    "pct3ResTime" : 134.0,
    "throughput" : 465.7579938444744,
    "receivedKBytesPerSec" : 722.8286812336067,
    "sentKBytesPerSec" : 189.6121715663235
  },
  "Create CSR" : {
    "transaction" : "Create CSR",
    "sampleCount" : 76800,
    "errorCount" : 0,
    "errorPct" : 0.0,
    "meanResTime" : 22.891197916666666,
    "medianResTime" : 23.0,
    "minResTime" : 7.0,
    "maxResTime" : 107.0,
    "pct1ResTime" : 39.0,
    "pct2ResTime" : 45.0,
    "pct3ResTime" : 56.9900000000016,
    "throughput" : 232.8966521106259,
    "receivedKBytesPerSec" : 73.34879912663756,
    "sentKBytesPerSec" : 0.0
  },
  "HTTP Request - enroll" : {
    "transaction" : "HTTP Request - enroll",
    "sampleCount" : 76800,
    "errorCount" : 0,
    "errorPct" : 0.0,
    "meanResTime" : 78.99200520833332,
    "medianResTime" : 88.0,
    "minResTime" : 24.0,
    "maxResTime" : 533.0,
    "pct1ResTime" : 115.0,
    "pct2ResTime" : 123.0,
    "pct3ResTime" : 138.0,
    "throughput" : 233.0981106305486,
    "receivedKBytesPerSec" : 650.0965373416041,
    "sentKBytesPerSec" : 189.79057591623035
  }
}