{
  "Total" : {
    "transaction" : "Total",
    "sampleCount" : 1500,
    "errorCount" : 0,
    "errorPct" : 0.0,
    "meanResTime" : 238.60066666666685,
    "medianResTime" : 240.0,
    "minResTime" : 175.0,
    "maxResTime" : 484.0,
    "pct1ResTime" : 245.9000000000001,
    "pct2ResTime" : 252.0,
    "pct3ResTime" : 272.99,
    "throughput" : 12.527142141306163,
    "receivedKBytesPerSec" : 34.25213450757892,
    "sentKBytesPerSec" : 10.055967617337565
  },
  "HTTP Request - enroll" : {
    "transaction" : "HTTP Request - enroll",
    "sampleCount" : 1500,
    "errorCount" : 0,
    "errorPct" : 0.0,
    "meanResTime" : 238.60066666666685,
    "medianResTime" : 240.0,
    "minResTime" : 175.0,
    "maxResTime" : 484.0,
    "pct1ResTime" : 245.9000000000001,
    "pct2ResTime" : 252.0,
    "pct3ResTime" : 272.99,
    "throughput" : 12.527142141306163,
    "receivedKBytesPerSec" : 34.25213450757892,
    "sentKBytesPerSec" : 10.055967617337565
  }
}