{
  "Total" : {
    "transaction" : "Total",
    "sampleCount" : 3000,
    "errorCount" : 0,
    "errorPct" : 0.0,
    "meanResTime" : 158.4016666666667,
    "medianResTime" : 143.0,
    "minResTime" : 10.0,
    "maxResTime" : 1838.0,
    "pct1ResTime" : 305.0,
    "pct2ResTime" : 325.0,
    "pct3ResTime" : 438.9899999999998,
    "throughput" : 18.73314017384354,
    "receivedKBytesPerSec" : 28.647361905535018,
    "sentKBytesPerSec" : 7.5371618668198614
  },
  "OS Process Sampler" : {
    "transaction" : "OS Process Sampler",
    "sampleCount" : 1500,
    "errorCount" : 0,
    "errorPct" : 0.0,
    "meanResTime" : 20.7033333333333,
    "medianResTime" : 19.0,
    "minResTime" : 10.0,
    "maxResTime" : 77.0,
    "pct1ResTime" : 29.0,
    "pct2ResTime" : 34.0,
    "pct3ResTime" : 44.0,
    "throughput" : 9.381801806309575,
    "receivedKBytesPerSec" : 2.931813064471742,
    "sentKBytesPerSec" : 0.0
  },
  "HTTP Request - enroll" : {
    "transaction" : "HTTP Request - enroll",
    "sampleCount" : 1500,
    "errorCount" : 0,
    "errorPct" : 0.0,
    "meanResTime" : 296.1000000000003,
    "medianResTime" : 282.0,
    "minResTime" : 209.0,
    "maxResTime" : 1838.0,
    "pct1ResTime" : 325.0,
    "pct2ResTime" : 368.0,
    "pct3ResTime" : 570.8500000000001,
    "throughput" : 9.420098722634613,
    "receivedKBytesPerSec" : 25.867296714269564,
    "sentKBytesPerSec" : 7.5802356908700395
  }
}