{
  "Total" : {
    "transaction" : "Total",
    "sampleCount" : 32000,
    "errorCount" : 74,
    "errorPct" : 0.23125,
    "meanResTime" : 1128.7749999999946,
    "medianResTime" : 161.0,
    "minResTime" : 25.0,
    "maxResTime" : 12589.0,
    "pct1ResTime" : 2938.9000000000015,
    "pct2ResTime" : 3713.9000000000015,
    "pct3ResTime" : 5425.0,
    "throughput" : 27.942083047363578,
    "receivedKBytesPerSec" : 120.09968447275908,
    "sentKBytesPerSec" : 24.30350674233732
  },
  "Create CSR" : {
    "transaction" : "Create CSR",
    "sampleCount" : 16000,
    "errorCount" : 0,
    "errorPct" : 0.0,
    "meanResTime" : 2048.507312500001,
    "medianResTime" : 1755.5,
    "minResTime" : 141.0,
    "maxResTime" : 12589.0,
    "pct1ResTime" : 3684.8999999999996,
    "pct2ResTime" : 4447.0,
    "pct3ResTime" : 6071.819999999996,
    "throughput" : 13.971370914574672,
    "receivedKBytesPerSec" : 17.339712901425866,
    "sentKBytesPerSec" : 0.0
  },
  "HTTP Request - enroll" : {
    "transaction" : "HTTP Request - enroll",
    "sampleCount" : 16000,
    "errorCount" : 74,
    "errorPct" : 0.4625,
    "meanResTime" : 209.04268749999954,
    "medianResTime" : 42.0,
    "minResTime" : 25.0,
    "maxResTime" : 12119.0,
    "pct1ResTime" : 57.0,
    "pct2ResTime" : 77.0,
    "pct3ResTime" : 6462.949999999999,
    "throughput" : 13.984632636811224,
    "receivedKBytesPerSec" : 102.86034629009546,
    "sentKBytesPerSec" : 24.32714933970683
  }
}