{
  "Total" : {
    "transaction" : "Total",
    "sampleCount" : 6000,
    "errorCount" : 0,
    "errorPct" : 0.0,
    "meanResTime" : 72.71866666666686,
    "medianResTime" : 70.5,
    "minResTime" : 7.0,
    "maxResTime" : 544.0,
    "pct1ResTime" : 136.0,
    "pct2ResTime" : 140.0,
    "pct3ResTime" : 151.0,
    "throughput" : 132.91097180072214,
    "receivedKBytesPerSec" : 202.50005451426577,
    "sentKBytesPerSec" : 53.3850417008174
  },
  "OS Process Sampler" : {
    "transaction" : "OS Process Sampler",
    "sampleCount" : 3000,
    "errorCount" : 0,
    "errorPct" : 0.0,
    "meanResTime" : 13.872000000000028,
    "medianResTime" : 13.0,
    "minResTime" : 7.0,
    "maxResTime" : 52.0,
    "pct1ResTime" : 18.0,
    "pct2ResTime" : 20.0,
    "pct3ResTime" : 27.0,
    "throughput" : 66.60450246436659,
    "receivedKBytesPerSec" : 20.839924403889704,
    "sentKBytesPerSec" : 0.0
  },
  "HTTP Request - enroll" : {
    "transaction" : "HTTP Request - enroll",
    "sampleCount" : 3000,
    "errorCount" : 0,
    "errorPct" : 0.0,
    "meanResTime" : 131.56533333333368,
    "medianResTime" : 130.0,
    "minResTime" : 89.0,
    "maxResTime" : 544.0,
    "pct1ResTime" : 140.0,
    "pct2ResTime" : 144.0,
    "pct3ResTime" : 189.8899999999976,
    "throughput" : 67.11109122634335,
    "receivedKBytesPerSec" : 183.4993531819046,
    "sentKBytesPerSec" : 53.911702776162144
  }
}