{
  "Total" : {
    "transaction" : "Total",
    "sampleCount" : 30000,
    "errorCount" : 0,
    "errorPct" : 0.0,
    "meanResTime" : 92.38776666666709,
    "medianResTime" : 159.5,
    "minResTime" : 8.0,
    "maxResTime" : 395.0,
    "pct1ResTime" : 184.0,
    "pct2ResTime" : 187.0,
    "pct3ResTime" : 196.0,
    "throughput" : 32.40934296539006,
    "receivedKBytesPerSec" : 55.511430530505834,
    "sentKBytesPerSec" : 14.40051763122273
  },
  "OS Process Sampler" : {
    "transaction" : "OS Process Sampler",
    "sampleCount" : 15000,
    "errorCount" : 0,
    "errorPct" : 0.0,
    "meanResTime" : 9.238133333333343,
    "medianResTime" : 9.0,
    "minResTime" : 8.0,
    "maxResTime" : 26.0,
    "pct1ResTime" : 10.0,
    "pct2ResTime" : 10.0,
    "pct3ResTime" : 11.0,
    "throughput" : 16.20782319209836,
    "receivedKBytesPerSec" : 6.331062752369314,
    "sentKBytesPerSec" : 0.0
  },
  "HTTP Request - enroll" : {
    "transaction" : "HTTP Request - enroll",
    "sampleCount" : 15000,
    "errorCount" : 0,
    "errorPct" : 0.0,
    "meanResTime" : 175.53739999999962,
    "medianResTime" : 175.0,
    "minResTime" : 147.0,
    "maxResTime" : 395.0,
    "pct1ResTime" : 185.0,
    "pct2ResTime" : 189.0,
    "pct3ResTime" : 199.0,
    "throughput" : 16.211641904284306,
    "receivedKBytesPerSec" : 49.20275430223202,
    "sentKBytesPerSec" : 14.406711998020018
  }
}