{
  "Total" : {
    "transaction" : "Total",
    "sampleCount" : 153600,
    "errorCount" : 221,
    "errorPct" : 0.1438802,
    "meanResTime" : 83.98330729166605,
    "medianResTime" : 44.0,
    "minResTime" : 8.0,
    "maxResTime" : 9162.0,
    "pct1ResTime" : 79.0,
    "pct2ResTime" : 92.0,
    "pct3ResTime" : 2486.0,
    "throughput" : 283.7094268737105,
    "receivedKBytesPerSec" : 485.3176262591222,
    "sentKBytesPerSec" : 126.49442838137861
  },
  "Create CSR" : {
    "transaction" : "Create CSR",
    "sampleCount" : 76800,
    "errorCount" : 0,
    "errorPct" : 0.0,
    "meanResTime" : 26.543125000000394,
    "medianResTime" : 23.0,
    "minResTime" : 8.0,
    "maxResTime" : 110.0,
    "pct1ResTime" : 37.0,
    "pct2ResTime" : 42.0,
    "pct3ResTime" : 53.0,
    "throughput" : 141.85969189848166,
    "receivedKBytesPerSec" : 55.67292295845802,
    "sentKBytesPerSec" : 0.0
  },
  "HTTP Request - enroll" : {
    "transaction" : "HTTP Request - enroll",
    "sampleCount" : 76800,
    "errorCount" : 221,
    "errorPct" : 0.2877604,
    "meanResTime" : 141.4234895833334,
    "medianResTime" : 69.0,
    "minResTime" : 16.0,
    "maxResTime" : 9162.0,
    "pct1ResTime" : 93.0,
    "pct2ResTime" : 109.0,
    "pct3ResTime" : 2698.0,
    "throughput" : 141.937558563104,
    "receivedKBytesPerSec" : 429.8975767263294,
    "sentKBytesPerSec" : 126.5683028874498
  }
}