{
  "Total" : {
    "transaction" : "Total",
    "sampleCount" : 153600,
    "errorCount" : 7,
    "errorPct" : 0.0045572915,
    "meanResTime" : 59.322109374999854,
    "medianResTime" : 59.0,
    "minResTime" : 7.0,
    "maxResTime" : 2253.0,
    "pct1ResTime" : 97.0,
    "pct2ResTime" : 108.0,
    "pct3ResTime" : 130.0,
    "throughput" : 531.8025544526346,
    "receivedKBytesPerSec" : 810.824007647042,
    "sentKBytesPerSec" : 214.56791908014776
  },
  "Create CSR" : {
    "transaction" : "Create CSR",
    "sampleCount" : 76800,
    "errorCount" : 0,
    "errorPct" : 0.0,
    "meanResTime" : 41.12221354166682,
    "medianResTime" : 40.0,
    "minResTime" : 7.0,
    "maxResTime" : 206.0,
    "pct1ResTime" : 75.0,
    "pct2ResTime" : 88.0,
    "pct3ResTime" : 113.0,
    "throughput" : 265.9436324160356,
    "receivedKBytesPerSec" : 83.85405304328856,
    "sentKBytesPerSec" : 0.0
  },
  "HTTP Request - enroll" : {
    "transaction" : "HTTP Request - enroll",
    "sampleCount" : 76800,
    "errorCount" : 7,
    "errorPct" : 0.009114583,
    "meanResTime" : 77.52200520833189,
    "medianResTime" : 74.0,
    "minResTime" : 21.0,
    "maxResTime" : 2253.0,
    "pct1ResTime" : 105.0,
    "pct2ResTime" : 116.0,
    "pct3ResTime" : 138.0,
    "throughput" : 266.23495928477087,
    "receivedKBytesPerSec" : 727.8956078327417,
    "sentKBytesPerSec" : 214.83718241601292
  }
}