{
  "Total" : {
    "transaction" : "Total",
    "sampleCount" : 10,
    "errorCount" : 0,
    "errorPct" : 0.0,
    "meanResTime" : 45.5,
    "medianResTime" : 26.0,
    "minResTime" : 23.0,
    "maxResTime" : 224.0,
    "pct1ResTime" : 204.50000000000006,
    "pct2ResTime" : 224.0,
    "pct3ResTime" : 224.0,
    "throughput" : 20.5761316872428,
    "receivedKBytesPerSec" : 26.552051183127574,
    "sentKBytesPerSec" : 17.023533950617285
  },
  "HTTP Request - enroll" : {
    "transaction" : "HTTP Request - enroll",
    "sampleCount" : 10,
    "errorCount" : 0,
    "errorPct" : 0.0,
    "meanResTime" : 45.5,
    "medianResTime" : 26.0,
    "minResTime" : 23.0,
    "maxResTime" : 224.0,
    "pct1ResTime" : 204.50000000000006,
    "pct2ResTime" : 224.0,
    "pct3ResTime" : 224.0,
    "throughput" : 20.5761316872428,
    "receivedKBytesPerSec" : 26.552051183127574,
    "sentKBytesPerSec" : 17.023533950617285
  }
}