{
  "Total" : {
    "transaction" : "Total",
    "sampleCount" : 40000,
    "errorCount" : 0,
    "errorPct" : 0.0,
    "meanResTime" : 70.55355000000009,
    "medianResTime" : 61.0,
    "minResTime" : 7.0,
    "maxResTime" : 644.0,
    "pct1ResTime" : 135.0,
    "pct2ResTime" : 146.0,
    "pct3ResTime" : 166.0,
    "throughput" : 279.91406638162084,
    "receivedKBytesPerSec" : 310.15743498777124,
    "sentKBytesPerSec" : 113.07270855347407
  },
  "Create CSR" : {
    "transaction" : "Create CSR",
    "sampleCount" : 20000,
    "errorCount" : 0,
    "errorPct" : 0.0,
    "meanResTime" : 24.085100000000082,
    "medianResTime" : 23.0,
    "minResTime" : 7.0,
    "maxResTime" : 85.0,
    "pct1ResTime" : 37.0,
    "pct2ResTime" : 41.0,
    "pct3ResTime" : 51.0,
    "throughput" : 140.0030800677615,
    "receivedKBytesPerSec" : 44.051750388508545,
    "sentKBytesPerSec" : 0.0
  },
  "HTTP Request - enroll" : {
    "transaction" : "HTTP Request - enroll",
    "sampleCount" : 20000,
    "errorCount" : 0,
    "errorPct" : 0.0,
    "meanResTime" : 117.02200000000043,
    "medianResTime" : 115.0,
    "minResTime" : 45.0,
    "maxResTime" : 644.0,
    "pct1ResTime" : 144.0,
    "pct2ResTime" : 154.0,
    "pct3ResTime" : 175.0,
    "throughput" : 140.25835589155224,
    "receivedKBytesPerSec" : 266.69312079882394,
    "sentKBytesPerSec" : 113.31615022371209
  }
}