{
  "Total" : {
    "transaction" : "Total",
    "sampleCount" : 3200,
    "errorCount" : 45,
    "errorPct" : 1.40625,
    "meanResTime" : 86.83312499999992,
    "medianResTime" : 79.0,
    "minResTime" : 15.0,
    "maxResTime" : 759.0,
    "pct1ResTime" : 108.0,
    "pct2ResTime" : 120.0,
    "pct3ResTime" : 299.8599999999751,
    "throughput" : 356.22843148168766,
    "receivedKBytesPerSec" : 963.4136398266169,
    "sentKBytesPerSec" : 297.82905905599466
  },
  "HTTP Request - enroll" : {
    "transaction" : "HTTP Request - enroll",
    "sampleCount" : 3200,
    "errorCount" : 45,
    "errorPct" : 1.40625,
    "meanResTime" : 86.83312499999992,
    "medianResTime" : 79.0,
    "minResTime" : 15.0,
    "maxResTime" : 759.0,
    "pct1ResTime" : 108.0,
    "pct2ResTime" : 120.0,
    "pct3ResTime" : 299.8599999999751,
    "throughput" : 356.22843148168766,
    "receivedKBytesPerSec" : 963.4136398266169,
    "sentKBytesPerSec" : 297.82905905599466
  }
}