{
  "Total" : {
    "transaction" : "Total",
    "sampleCount" : 30,
    "errorCount" : 0,
    "errorPct" : 0.0,
    "meanResTime" : 160.70000000000002,
    "medianResTime" : 134.5,
    "minResTime" : 58.0,
    "maxResTime" : 425.0,
    "pct1ResTime" : 286.4000000000001,
    "pct2ResTime" : 404.65,
    "pct3ResTime" : 425.0,
    "throughput" : 13.3630289532294,
    "receivedKBytesPerSec" : 54.30644487750556,
    "sentKBytesPerSec" : 9.376304983296214
  },
  "OS Process Sampler" : {
    "transaction" : "OS Process Sampler",
    "sampleCount" : 15,
    "errorCount" : 0,
    "errorPct" : 0.0,
    "meanResTime" : 144.66666666666666,
    "medianResTime" : 124.0,
    "minResTime" : 58.0,
    "maxResTime" : 291.0,
    "pct1ResTime" : 263.40000000000003,
    "pct2ResTime" : 291.0,
    "pct3ResTime" : 291.0,
    "throughput" : 7.136060894386299,
    "receivedKBytesPerSec" : 6.467055185537584,
    "sentKBytesPerSec" : 0.0
  },
  "HTTP Request - enroll" : {
    "transaction" : "HTTP Request - enroll",
    "sampleCount" : 15,
    "errorCount" : 0,
    "errorPct" : 0.0,
    "meanResTime" : 176.73333333333335,
    "medianResTime" : 145.0,
    "minResTime" : 112.0,
    "maxResTime" : 425.0,
    "pct1ResTime" : 402.8,
    "pct2ResTime" : 425.0,
    "pct3ResTime" : 425.0,
    "throughput" : 9.202453987730062,
    "receivedKBytesPerSec" : 66.4565759202454,
    "sentKBytesPerSec" : 12.913990605828221
  }
}