{
  "Total" : {
    "transaction" : "Total",
    "sampleCount" : 153600,
    "errorCount" : 8,
    "errorPct" : 0.0052083335,
    "meanResTime" : 40.219121093749685,
    "medianResTime" : 37.0,
    "minResTime" : 6.0,
    "maxResTime" : 4681.0,
    "pct1ResTime" : 67.0,
    "pct2ResTime" : 73.0,
    "pct3ResTime" : 86.0,
    "throughput" : 490.24145029762377,
    "receivedKBytesPerSec" : 747.2885371201905,
    "sentKBytesPerSec" : 197.55677193878364
  },
  "Create CSR" : {
    "transaction" : "Create CSR",
    "sampleCount" : 76800,
    "errorCount" : 0,
    "errorPct" : 0.0,
    "meanResTime" : 21.821471354166697,
    "medianResTime" : 21.0,
    "minResTime" : 6.0,
    "maxResTime" : 116.0,
    "pct1ResTime" : 37.0,
    "pct2ResTime" : 44.0,
    "pct3ResTime" : 59.9900000000016,
    "throughput" : 245.1543706427641,
    "receivedKBytesPerSec" : 77.1374396690416,
    "sentKBytesPerSec" : 0.0
  },
  "HTTP Request - enroll" : {
    "transaction" : "HTTP Request - enroll",
    "sampleCount" : 76800,
    "errorCount" : 8,
    "errorPct" : 0.010416667,
    "meanResTime" : 58.61677083333407,
    "medianResTime" : 55.0,
    "minResTime" : 21.0,
    "maxResTime" : 4681.0,
    "pct1ResTime" : 73.0,
    "pct2ResTime" : 79.0,
    "pct3ResTime" : 93.0,
    "throughput" : 245.3368430131709,
    "receivedKBytesPerSec" : 670.752551623959,
    "sentKBytesPerSec" : 197.73095365114253
  }
}