{
  "Total" : {
    "transaction" : "Total",
    "sampleCount" : 3000,
    "errorCount" : 0,
    "errorPct" : 0.0,
    "meanResTime" : 134.46900000000022,
    "medianResTime" : 116.0,
    "minResTime" : 10.0,
    "maxResTime" : 2412.0,
    "pct1ResTime" : 255.0,
    "pct2ResTime" : 278.0,
    "pct3ResTime" : 401.0,
    "throughput" : 22.00494377736865,
    "receivedKBytesPerSec" : 33.6505588568065,
    "sentKBytesPerSec" : 8.853551597925668
  },
  "OS Process Sampler" : {
    "transaction" : "OS Process Sampler",
    "sampleCount" : 1500,
    "errorCount" : 0,
    "errorPct" : 0.0,
    "meanResTime" : 20.700000000000003,
    "medianResTime" : 19.0,
    "minResTime" : 10.0,
    "maxResTime" : 59.0,
    "pct1ResTime" : 30.0,
    "pct2ResTime" : 34.0,
    "pct3ResTime" : 44.0,
    "throughput" : 11.019202797408283,
    "receivedKBytesPerSec" : 3.4435008741900885,
    "sentKBytesPerSec" : 0.0
  },
  "HTTP Request - enroll" : {
    "transaction" : "HTTP Request - enroll",
    "sampleCount" : 1500,
    "errorCount" : 0,
    "errorPct" : 0.0,
    "meanResTime" : 248.23799999999994,
    "medianResTime" : 234.0,
    "minResTime" : 173.0,
    "maxResTime" : 2412.0,
    "pct1ResTime" : 278.0,
    "pct2ResTime" : 320.95000000000005,
    "pct3ResTime" : 488.94000000000005,
    "throughput" : 11.079841336672057,
    "receivedKBytesPerSec" : 30.42473936981556,
    "sentKBytesPerSec" : 8.915809825603297
  }
}