{
  "Total" : {
    "transaction" : "Total",
    "sampleCount" : 12,
    "errorCount" : 6,
    "errorPct" : 50.0,
    "meanResTime" : 80.16666666666666,
    "medianResTime" : 10.0,
    "minResTime" : 1.0,
    "maxResTime" : 390.0,
    "pct1ResTime" : 390.0,
    "pct2ResTime" : 390.0,
    "pct3ResTime" : 390.0,
    "throughput" : 14.760147601476014,
    "receivedKBytesPerSec" : 3.7765221402214024,
    "sentKBytesPerSec" : 1.6792550738007381
  },
  "OS Process Sampler" : {
    "transaction" : "OS Process Sampler",
    "sampleCount" : 6,
    "errorCount" : 0,
    "errorPct" : 0.0,
    "meanResTime" : 11.166666666666668,
    "medianResTime" : 10.0,
    "minResTime" : 9.0,
    "maxResTime" : 18.0,
    "pct1ResTime" : 18.0,
    "pct2ResTime" : 18.0,
    "pct3ResTime" : 18.0,
    "throughput" : 7.444168734491315,
    "receivedKBytesPerSec" : 2.326302729528536,
    "sentKBytesPerSec" : 0.0
  },
  "HTTP Request - enroll" : {
    "transaction" : "HTTP Request - enroll",
    "sampleCount" : 6,
    "errorCount" : 6,
    "errorPct" : 100.0,
    "meanResTime" : 149.16666666666669,
    "medianResTime" : 56.5,
    "minResTime" : 1.0,
    "maxResTime" : 390.0,
    "pct1ResTime" : 390.0,
    "pct2ResTime" : 390.0,
    "pct3ResTime" : 390.0,
    "throughput" : 14.705882352941176,
    "receivedKBytesPerSec" : 2.9296875,
    "sentKBytesPerSec" : 3.3461626838235294
  }
}