{
  "Total" : {
    "transaction" : "Total",
    "sampleCount" : 30000,
    "errorCount" : 15000,
    "errorPct" : 50.0,
    "meanResTime" : 6.989466666666677,
    "medianResTime" : 7.0,
    "minResTime" : 3.0,
    "maxResTime" : 266.0,
    "pct1ResTime" : 9.0,
    "pct2ResTime" : 10.0,
    "pct3ResTime" : 15.0,
    "throughput" : 691.5151096051449,
    "receivedKBytesPerSec" : 192.80035526588756,
    "sentKBytesPerSec" : 281.94097486342577
  },
  "OS Process Sampler" : {
    "transaction" : "OS Process Sampler",
    "sampleCount" : 15000,
    "errorCount" : 0,
    "errorPct" : 0.0,
    "meanResTime" : 8.950933333333374,
    "medianResTime" : 9.0,
    "minResTime" : 6.0,
    "maxResTime" : 33.0,
    "pct1ResTime" : 10.0,
    "pct2ResTime" : 11.0,
    "pct3ResTime" : 16.0,
    "throughput" : 345.821325648415,
    "receivedKBytesPerSec" : 108.06916426512969,
    "sentKBytesPerSec" : 0.0
  },
  "HTTP Request - enroll" : {
    "transaction" : "HTTP Request - enroll",
    "sampleCount" : 15000,
    "errorCount" : 15000,
    "errorPct" : 100.0,
    "meanResTime" : 5.027999999999989,
    "medianResTime" : 5.0,
    "minResTime" : 3.0,
    "maxResTime" : 266.0,
    "pct1ResTime" : 6.0,
    "pct2ResTime" : 6.0,
    "pct3ResTime" : 19.0,
    "throughput" : 348.958939164825,
    "receivedKBytesPerSec" : 85.53583372106549,
    "sentKBytesPerSec" : 284.5514787135047
  }
}