{
  "Total" : {
    "transaction" : "Total",
    "sampleCount" : 32000,
    "errorCount" : 0,
    "errorPct" : 0.0,
    "meanResTime" : 924.9230624999977,
    "medianResTime" : 436.0,
    "minResTime" : 9.0,
    "maxResTime" : 3805.0,
    "pct1ResTime" : 2121.0,
    "pct2ResTime" : 2324.0,
    "pct3ResTime" : 2643.9900000000016,
    "throughput" : 34.348584462632495,
    "receivedKBytesPerSec" : 58.90523321145847,
    "sentKBytesPerSec" : 15.322340835905004
  },
  "Create CSR" : {
    "transaction" : "Create CSR",
    "sampleCount" : 16000,
    "errorCount" : 0,
    "errorPct" : 0.0,
    "meanResTime" : 73.22424999999988,
    "medianResTime" : 74.0,
    "minResTime" : 9.0,
    "maxResTime" : 145.0,
    "pct1ResTime" : 88.0,
    "pct2ResTime" : 92.0,
    "pct3ResTime" : 100.0,
    "throughput" : 17.181669306558568,
    "receivedKBytesPerSec" : 6.747525940293699,
    "sentKBytesPerSec" : 0.0
  },
  "HTTP Request - enroll" : {
    "transaction" : "HTTP Request - enroll",
    "sampleCount" : 16000,
    "errorCount" : 0,
    "errorPct" : 0.0,
    "meanResTime" : 1776.621875000011,
    "medianResTime" : 1758.5,
    "minResTime" : 395.0,
    "maxResTime" : 3805.0,
    "pct1ResTime" : 2339.0,
    "pct2ResTime" : 2499.0,
    "pct3ResTime" : 2793.99,
    "throughput" : 17.179732210924165,
    "receivedKBytesPerSec" : 52.17712631062566,
    "sentKBytesPerSec" : 15.327194207477477
  }
}