{
  "Total" : {
    "transaction" : "Total",
    "sampleCount" : 12000,
    "errorCount" : 0,
    "errorPct" : 0.0,
    "meanResTime" : 38.957749999999905,
    "medianResTime" : 38.0,
    "minResTime" : 7.0,
    "maxResTime" : 559.0,
    "pct1ResTime" : 65.0,
    "pct2ResTime" : 71.0,
    "pct3ResTime" : 89.0,
    "throughput" : 493.2385219285626,
    "receivedKBytesPerSec" : 751.9167984324263,
    "sentKBytesPerSec" : 198.76452741584117
  },
  "Create CSR" : {
    "transaction" : "Create CSR",
    "sampleCount" : 6000,
    "errorCount" : 0,
    "errorPct" : 0.0,
    "meanResTime" : 21.50466666666675,
    "medianResTime" : 19.0,
    "minResTime" : 7.0,
    "maxResTime" : 112.0,
    "pct1ResTime" : 34.0,
    "pct2ResTime" : 40.0,
    "pct3ResTime" : 54.0,
    "throughput" : 246.89325981400708,
    "receivedKBytesPerSec" : 77.68457842975887,
    "sentKBytesPerSec" : 0.0
  },
  "HTTP Request - enroll" : {
    "transaction" : "HTTP Request - enroll",
    "sampleCount" : 6000,
    "errorCount" : 0,
    "errorPct" : 0.0,
    "meanResTime" : 56.41083333333327,
    "medianResTime" : 53.0,
    "minResTime" : 25.0,
    "maxResTime" : 559.0,
    "pct1ResTime" : 71.0,
    "pct2ResTime" : 77.0,
    "pct3ResTime" : 132.9499999999989,
    "throughput" : 249.62556165751374,
    "receivedKBytesPerSec" : 682.5384075579339,
    "sentKBytesPerSec" : 201.1874765976036
  }
}