{
  "Total" : {
    "transaction" : "Total",
    "sampleCount" : 153600,
    "errorCount" : 6,
    "errorPct" : 0.00390625,
    "meanResTime" : 72.3205078125001,
    "medianResTime" : 60.0,
    "minResTime" : 7.0,
    "maxResTime" : 3542.0,
    "pct1ResTime" : 152.0,
    "pct2ResTime" : 163.0,
    "pct3ResTime" : 186.0,
    "throughput" : 328.28509508726484,
    "receivedKBytesPerSec" : 509.4482191241563,
    "sentKBytesPerSec" : 133.6463369282261
  },
  "Create CSR" : {
    "transaction" : "Create CSR",
    "sampleCount" : 76800,
    "errorCount" : 0,
    "errorPct" : 0.0,
    "meanResTime" : 24.009713541667164,
    "medianResTime" : 24.0,
    "minResTime" : 7.0,
    "maxResTime" : 110.0,
    "pct1ResTime" : 41.0,
    "pct2ResTime" : 46.0,
    "pct3ResTime" : 56.0,
    "throughput" : 164.1597393964137,
    "receivedKBytesPerSec" : 51.70069917514006,
    "sentKBytesPerSec" : 0.0
  },
  "HTTP Request - enroll" : {
    "transaction" : "HTTP Request - enroll",
    "sampleCount" : 76800,
    "errorCount" : 6,
    "errorPct" : 0.0078125,
    "meanResTime" : 120.6313020833333,
    "medianResTime" : 129.0,
    "minResTime" : 35.0,
    "maxResTime" : 3542.0,
    "pct1ResTime" : 162.0,
    "pct2ResTime" : 172.0,
    "pct3ResTime" : 193.0,
    "throughput" : 164.25418334873214,
    "receivedKBytesPerSec" : 458.0642590021665,
    "sentKBytesPerSec" : 133.73723180371624
  }
}