{
  "Total" : {
    "transaction" : "Total",
    "sampleCount" : 50,
    "errorCount" : 50,
    "errorPct" : 100.0,
    "meanResTime" : 2966.2799999999997,
    "medianResTime" : 2970.0,
    "minResTime" : 1006.0,
    "maxResTime" : 5825.0,
    "pct1ResTime" : 3939.3999999999996,
    "pct2ResTime" : 5013.749999999996,
    "pct3ResTime" : 5825.0,
    "throughput" : 3.141098127905516,
    "receivedKBytesPerSec" : 0.6349680785902752,
    "sentKBytesPerSec" : 2.7917736603216485
  },
  "HTTP Request - enroll" : {
    "transaction" : "HTTP Request - enroll",
    "sampleCount" : 50,
    "errorCount" : 50,
    "errorPct" : 100.0,
    "meanResTime" : 2966.2799999999997,
    "medianResTime" : 2970.0,
    "minResTime" : 1006.0,
    "maxResTime" : 5825.0,
    "pct1ResTime" : 3939.3999999999996,
    "pct2ResTime" : 5013.749999999996,
    "pct3ResTime" : 5825.0,
    "throughput" : 3.141098127905516,
    "receivedKBytesPerSec" : 0.6349680785902752,
    "sentKBytesPerSec" : 2.7917736603216485
  }
}