{
  "Total" : {
    "transaction" : "Total",
    "sampleCount" : 20000,
    "errorCount" : 0,
    "errorPct" : 0.0,
    "meanResTime" : 13.556850000000031,
    "medianResTime" : 14.0,
    "minResTime" : 6.0,
    "maxResTime" : 480.0,
    "pct1ResTime" : 20.0,
    "pct2ResTime" : 22.0,
    "pct3ResTime" : 30.0,
    "throughput" : 71.73678339436938,
    "receivedKBytesPerSec" : 109.28216601707514,
    "sentKBytesPerSec" : 28.792790991294737
  },
  "Create CSR" : {
    "transaction" : "Create CSR",
    "sampleCount" : 10000,
    "errorCount" : 0,
    "errorPct" : 0.0,
    "meanResTime" : 8.451700000000011,
    "medianResTime" : 8.0,
    "minResTime" : 6.0,
    "maxResTime" : 26.0,
    "pct1ResTime" : 10.0,
    "pct2ResTime" : 11.0,
    "pct3ResTime" : 17.0,
    "throughput" : 35.870578951144275,
    "receivedKBytesPerSec" : 11.209555922232585,
    "sentKBytesPerSec" : 0.0
  },
  "HTTP Request - enroll" : {
    "transaction" : "HTTP Request - enroll",
    "sampleCount" : 10000,
    "errorCount" : 0,
    "errorPct" : 0.0,
    "meanResTime" : 18.66200000000002,
    "medianResTime" : 18.0,
    "minResTime" : 12.0,
    "maxResTime" : 480.0,
    "pct1ResTime" : 22.0,
    "pct2ResTime" : 25.0,
    "pct3ResTime" : 32.0,
    "throughput" : 35.89001862691966,
    "receivedKBytesPerSec" : 98.13242713092498,
    "sentKBytesPerSec" : 28.810151671218716
  }
}