{
  "Total" : {
    "transaction" : "Total",
    "sampleCount" : 12,
    "errorCount" : 0,
    "errorPct" : 0.0,
    "meanResTime" : 2954.9999999999995,
    "medianResTime" : 2328.5,
    "minResTime" : 20.0,
    "maxResTime" : 7148.0,
    "pct1ResTime" : 7148.0,
    "pct2ResTime" : 7148.0,
    "pct3ResTime" : 7148.0,
    "throughput" : 0.9514747859181732,
    "receivedKBytesPerSec" : 1.4550874167459562,
    "sentKBytesPerSec" : 0.3883949809705043
  },
  "OS Process Sampler" : {
    "transaction" : "OS Process Sampler",
    "sampleCount" : 6,
    "errorCount" : 0,
    "errorPct" : 0.0,
    "meanResTime" : 39.5,
    "medianResTime" : 35.5,
    "minResTime" : 20.0,
    "maxResTime" : 70.0,
    "pct1ResTime" : 70.0,
    "pct2ResTime" : 70.0,
    "pct3ResTime" : 70.0,
    "throughput" : 0.7478499314470896,
    "receivedKBytesPerSec" : 0.23370310357721552,
    "sentKBytesPerSec" : 0.0
  },
  "HTTP Request - enroll" : {
    "transaction" : "HTTP Request - enroll",
    "sampleCount" : 6,
    "errorCount" : 0,
    "errorPct" : 0.0,
    "meanResTime" : 5870.5,
    "medianResTime" : 5874.5,
    "minResTime" : 4587.0,
    "maxResTime" : 7148.0,
    "pct1ResTime" : 7148.0,
    "pct2ResTime" : 7148.0,
    "pct3ResTime" : 7148.0,
    "throughput" : 0.5093378607809846,
    "receivedKBytesPerSec" : 1.3986895161290323,
    "sentKBytesPerSec" : 0.4158266129032258
  }
}