{
  "Total" : {
    "transaction" : "Total",
    "sampleCount" : 12,
    "errorCount" : 0,
    "errorPct" : 0.0,
    "meanResTime" : 446.91666666666663,
    "medianResTime" : 248.0,
    "minResTime" : 24.0,
    "maxResTime" : 1271.0,
    "pct1ResTime" : 1265.6,
    "pct2ResTime" : 1271.0,
    "pct3ResTime" : 1271.0,
    "throughput" : 4.2507970244420825,
    "receivedKBytesPerSec" : 6.500384674991144,
    "sentKBytesPerSec" : 1.7102816153028693
  },
  "OS Process Sampler" : {
    "transaction" : "OS Process Sampler",
    "sampleCount" : 6,
    "errorCount" : 0,
    "errorPct" : 0.0,
    "meanResTime" : 31.833333333333336,
    "medianResTime" : 30.5,
    "minResTime" : 24.0,
    "maxResTime" : 43.0,
    "pct1ResTime" : 43.0,
    "pct2ResTime" : 43.0,
    "pct3ResTime" : 43.0,
    "throughput" : 2.5662959794696323,
    "receivedKBytesPerSec" : 0.80196749358426,
    "sentKBytesPerSec" : 0.0
  },
  "HTTP Request - enroll" : {
    "transaction" : "HTTP Request - enroll",
    "sampleCount" : 6,
    "errorCount" : 0,
    "errorPct" : 0.0,
    "meanResTime" : 862.0,
    "medianResTime" : 870.0,
    "minResTime" : 453.0,
    "maxResTime" : 1271.0,
    "pct1ResTime" : 1271.0,
    "pct2ResTime" : 1271.0,
    "pct3ResTime" : 1271.0,
    "throughput" : 3.3575825405707893,
    "receivedKBytesPerSec" : 9.219689948237269,
    "sentKBytesPerSec" : 2.7018047006155568
  }
}