{
  "Total" : {
    "transaction" : "Total",
    "sampleCount" : 200,
    "errorCount" : 49,
    "errorPct" : 24.5,
    "meanResTime" : 14.599999999999996,
    "medianResTime" : 11.0,
    "minResTime" : 1.0,
    "maxResTime" : 202.0,
    "pct1ResTime" : 23.0,
    "pct2ResTime" : 31.849999999999966,
    "pct3ResTime" : 168.40000000000055,
    "throughput" : 59.57700327673518,
    "receivedKBytesPerSec" : 55.937802539469764,
    "sentKBytesPerSec" : 25.867415568215666
  },
  "Create CSR" : {
    "transaction" : "Create CSR",
    "sampleCount" : 100,
    "errorCount" : 0,
    "errorPct" : 0.0,
    "meanResTime" : 11.920000000000003,
    "medianResTime" : 11.0,
    "minResTime" : 8.0,
    "maxResTime" : 28.0,
    "pct1ResTime" : 17.900000000000006,
    "pct2ResTime" : 21.0,
    "pct3ResTime" : 27.949999999999974,
    "throughput" : 29.832935560859188,
    "receivedKBytesPerSec" : 11.397405000745824,
    "sentKBytesPerSec" : 0.0
  },
  "HTTP Request - enroll" : {
    "transaction" : "HTTP Request - enroll",
    "sampleCount" : 100,
    "errorCount" : 49,
    "errorPct" : 49.0,
    "meanResTime" : 17.28,
    "medianResTime" : 17.0,
    "minResTime" : 1.0,
    "maxResTime" : 202.0,
    "pct1ResTime" : 31.700000000000017,
    "pct2ResTime" : 42.89999999999998,
    "pct3ResTime" : 201.66999999999985,
    "throughput" : 31.535793125197102,
    "receivedKBytesPerSec" : 47.170956027278464,
    "sentKBytesPerSec" : 27.38470957505519
  }
}