{
  "Total" : {
    "transaction" : "Total",
    "sampleCount" : 320,
    "errorCount" : 0,
    "errorPct" : 0.0,
    "meanResTime" : 150.89375000000015,
    "medianResTime" : 150.5,
    "minResTime" : 8.0,
    "maxResTime" : 531.0,
    "pct1ResTime" : 293.0,
    "pct2ResTime" : 295.95,
    "pct3ResTime" : 341.59000000000043,
    "throughput" : 6.5628909534650015,
    "receivedKBytesPerSec" : 11.241173905073936,
    "sentKBytesPerSec" : 2.91612830451814
  },
  "Create CSR" : {
    "transaction" : "Create CSR",
    "sampleCount" : 160,
    "errorCount" : 0,
    "errorPct" : 0.0,
    "meanResTime" : 10.037500000000001,
    "medianResTime" : 10.0,
    "minResTime" : 8.0,
    "maxResTime" : 21.0,
    "pct1ResTime" : 11.0,
    "pct2ResTime" : 11.0,
    "pct3ResTime" : 16.11999999999989,
    "throughput" : 3.301283373911608,
    "receivedKBytesPerSec" : 1.289563817934222,
    "sentKBytesPerSec" : 0.0
  },
  "HTTP Request - enroll" : {
    "transaction" : "HTTP Request - enroll",
    "sampleCount" : 160,
    "errorCount" : 0,
    "errorPct" : 0.0,
    "meanResTime" : 291.75000000000006,
    "medianResTime" : 289.0,
    "minResTime" : 280.0,
    "maxResTime" : 531.0,
    "pct1ResTime" : 295.9,
    "pct2ResTime" : 300.9,
    "pct3ResTime" : 444.37999999999806,
    "throughput" : 3.2903530960166165,
    "receivedKBytesPerSec" : 9.986394357815616,
    "sentKBytesPerSec" : 2.9240442552491412
  }
}