{
  "Total" : {
    "transaction" : "Total",
    "sampleCount" : 20000,
    "errorCount" : 0,
    "errorPct" : 0.0,
    "meanResTime" : 14.002699999999939,
    "medianResTime" : 16.0,
    "minResTime" : 6.0,
    "maxResTime" : 196.0,
    "pct1ResTime" : 20.0,
    "pct2ResTime" : 22.0,
    "pct3ResTime" : 30.0,
    "throughput" : 69.48014952128177,
    "receivedKBytesPerSec" : 105.84446187298508,
    "sentKBytesPerSec" : 27.887052200436337
  },
  "Create CSR" : {
    "transaction" : "Create CSR",
    "sampleCount" : 10000,
    "errorCount" : 0,
    "errorPct" : 0.0,
    "meanResTime" : 8.872799999999971,
    "medianResTime" : 8.0,
    "minResTime" : 6.0,
    "maxResTime" : 26.0,
    "pct1ResTime" : 10.0,
    "pct2ResTime" : 12.0,
    "pct3ResTime" : 18.0,
    "throughput" : 34.74212656556708,
    "receivedKBytesPerSec" : 10.856914551739713,
    "sentKBytesPerSec" : 0.0
  },
  "HTTP Request - enroll" : {
    "transaction" : "HTTP Request - enroll",
    "sampleCount" : 10000,
    "errorCount" : 0,
    "errorPct" : 0.0,
    "meanResTime" : 19.132600000000053,
    "medianResTime" : 18.0,
    "minResTime" : 14.0,
    "maxResTime" : 196.0,
    "pct1ResTime" : 22.0,
    "pct2ResTime" : 26.0,
    "pct3ResTime" : 33.0,
    "throughput" : 34.76084538375973,
    "receivedKBytesPerSec" : 95.04498066971114,
    "sentKBytesPerSec" : 27.903725493604004
  }
}