{
  "Total" : {
    "transaction" : "Total",
    "sampleCount" : 30,
    "errorCount" : 0,
    "errorPct" : 0.0,
    "meanResTime" : 235.73333333333335,
    "medianResTime" : 125.0,
    "minResTime" : 16.0,
    "maxResTime" : 1264.0,
    "pct1ResTime" : 1164.900000000002,
    "pct2ResTime" : 1263.45,
    "pct3ResTime" : 1264.0,
    "throughput" : 8.982035928143713,
    "receivedKBytesPerSec" : 13.735907092065869,
    "sentKBytesPerSec" : 3.613866017964072
  },
  "OS Process Sampler" : {
    "transaction" : "OS Process Sampler",
    "sampleCount" : 15,
    "errorCount" : 0,
    "errorPct" : 0.0,
    "meanResTime" : 22.866666666666667,
    "medianResTime" : 22.0,
    "minResTime" : 16.0,
    "maxResTime" : 30.0,
    "pct1ResTime" : 29.4,
    "pct2ResTime" : 30.0,
    "pct3ResTime" : 30.0,
    "throughput" : 4.844961240310077,
    "receivedKBytesPerSec" : 1.5140503875968991,
    "sentKBytesPerSec" : 0.0
  },
  "HTTP Request - enroll" : {
    "transaction" : "HTTP Request - enroll",
    "sampleCount" : 15,
    "errorCount" : 0,
    "errorPct" : 0.0,
    "meanResTime" : 448.59999999999997,
    "medianResTime" : 247.0,
    "minResTime" : 220.0,
    "maxResTime" : 1264.0,
    "pct1ResTime" : 1263.4,
    "pct2ResTime" : 1264.0,
    "pct3ResTime" : 1264.0,
    "throughput" : 6.329113924050633,
    "receivedKBytesPerSec" : 17.379928138185655,
    "sentKBytesPerSec" : 5.092958860759493
  }
}