{
  "Total" : {
    "transaction" : "Total",
    "sampleCount" : 12,
    "errorCount" : 6,
    "errorPct" : 50.0,
    "meanResTime" : 45.583333333333336,
    "medianResTime" : 9.0,
    "minResTime" : 2.0,
    "maxResTime" : 237.0,
    "pct1ResTime" : 237.0,
    "pct2ResTime" : 237.0,
    "pct3ResTime" : 237.0,
    "throughput" : 17.045454545454543,
    "receivedKBytesPerSec" : 4.369562322443182,
    "sentKBytesPerSec" : 6.849809126420455
  },
  "OS Process Sampler" : {
    "transaction" : "OS Process Sampler",
    "sampleCount" : 6,
    "errorCount" : 0,
    "errorPct" : 0.0,
    "meanResTime" : 8.833333333333334,
    "medianResTime" : 9.0,
    "minResTime" : 8.0,
    "maxResTime" : 10.0,
    "pct1ResTime" : 10.0,
    "pct2ResTime" : 10.0,
    "pct3ResTime" : 10.0,
    "throughput" : 8.547008547008549,
    "receivedKBytesPerSec" : 2.679286858974359,
    "sentKBytesPerSec" : 0.0
  },
  "HTTP Request - enroll" : {
    "transaction" : "HTTP Request - enroll",
    "sampleCount" : 6,
    "errorCount" : 6,
    "errorPct" : 100.0,
    "meanResTime" : 82.33333333333334,
    "medianResTime" : 8.0,
    "minResTime" : 2.0,
    "maxResTime" : 237.0,
    "pct1ResTime" : 237.0,
    "pct2ResTime" : 237.0,
    "pct3ResTime" : 237.0,
    "throughput" : 19.108280254777068,
    "receivedKBytesPerSec" : 3.8067277070063694,
    "sentKBytesPerSec" : 15.357533837579618
  }
}