{
  "Total" : {
    "transaction" : "Total",
    "sampleCount" : 12,
    "errorCount" : 0,
    "errorPct" : 0.0,
    "meanResTime" : 1099.8333333333333,
    "medianResTime" : 888.0,
    "minResTime" : 21.0,
    "maxResTime" : 2605.0,
    "pct1ResTime" : 2604.7,
    "pct2ResTime" : 2605.0,
    "pct3ResTime" : 2605.0,
    "throughput" : 2.259461495010356,
    "receivedKBytesPerSec" : 3.4553874035021654,
    "sentKBytesPerSec" : 0.9090802108830729
  },
  "OS Process Sampler" : {
    "transaction" : "OS Process Sampler",
    "sampleCount" : 6,
    "errorCount" : 0,
    "errorPct" : 0.0,
    "meanResTime" : 27.5,
    "medianResTime" : 25.5,
    "minResTime" : 21.0,
    "maxResTime" : 36.0,
    "pct1ResTime" : 36.0,
    "pct2ResTime" : 36.0,
    "pct3ResTime" : 36.0,
    "throughput" : 1.6811431773606051,
    "receivedKBytesPerSec" : 0.5253572429251891,
    "sentKBytesPerSec" : 0.0
  },
  "HTTP Request - enroll" : {
    "transaction" : "HTTP Request - enroll",
    "sampleCount" : 6,
    "errorCount" : 0,
    "errorPct" : 0.0,
    "meanResTime" : 2172.1666666666665,
    "medianResTime" : 2172.0,
    "minResTime" : 1740.0,
    "maxResTime" : 2605.0,
    "pct1ResTime" : 2605.0,
    "pct2ResTime" : 2605.0,
    "pct3ResTime" : 2605.0,
    "throughput" : 1.3683010262257698,
    "receivedKBytesPerSec" : 3.7574828962371725,
    "sentKBytesPerSec" : 1.101054732041049
  }
}