{
  "Total" : {
    "transaction" : "Total",
    "sampleCount" : 50,
    "errorCount" : 35,
    "errorPct" : 70.0,
    "meanResTime" : 279.16,
    "medianResTime" : 103.5,
    "minResTime" : 41.0,
    "maxResTime" : 1028.0,
    "pct1ResTime" : 711.6999999999999,
    "pct2ResTime" : 1010.9499999999998,
    "pct3ResTime" : 1028.0,
    "throughput" : 18.214936247723134,
    "receivedKBytesPerSec" : 22.25210610200364,
    "sentKBytesPerSec" : 14.625313069216757
  },
  "HTTP Request - enroll" : {
    "transaction" : "HTTP Request - enroll",
    "sampleCount" : 50,
    "errorCount" : 35,
    "errorPct" : 70.0,
    "meanResTime" : 279.16,
    "medianResTime" : 103.5,
    "minResTime" : 41.0,
    "maxResTime" : 1028.0,
    "pct1ResTime" : 711.6999999999999,
    "pct2ResTime" : 1010.9499999999998,
    "pct3ResTime" : 1028.0,
    "throughput" : 18.214936247723134,
    "receivedKBytesPerSec" : 22.25210610200364,
    "sentKBytesPerSec" : 14.625313069216757
  }
}