{
  "Total" : {
    "transaction" : "Total",
    "sampleCount" : 20000,
    "errorCount" : 0,
    "errorPct" : 0.0,
    "meanResTime" : 63.6457500000001,
    "medianResTime" : 59.0,
    "minResTime" : 6.0,
    "maxResTime" : 942.0,
    "pct1ResTime" : 120.0,
    "pct2ResTime" : 133.0,
    "pct3ResTime" : 162.0,
    "throughput" : 307.59766225776684,
    "receivedKBytesPerSec" : 238.36965428906493,
    "sentKBytesPerSec" : 120.35058924177177
  },
  "Create CSR" : {
    "transaction" : "Create CSR",
    "sampleCount" : 10000,
    "errorCount" : 0,
    "errorPct" : 0.0,
    "meanResTime" : 24.389800000000008,
    "medianResTime" : 22.0,
    "minResTime" : 6.0,
    "maxResTime" : 118.0,
    "pct1ResTime" : 37.0,
    "pct2ResTime" : 43.0,
    "pct3ResTime" : 57.0,
    "throughput" : 153.9148235366548,
    "receivedKBytesPerSec" : 48.42905873389666,
    "sentKBytesPerSec" : 0.0
  },
  "HTTP Request - enroll" : {
    "transaction" : "HTTP Request - enroll",
    "sampleCount" : 10000,
    "errorCount" : 0,
    "errorPct" : 0.0,
    "meanResTime" : 102.90170000000025,
    "medianResTime" : 99.0,
    "minResTime" : 44.0,
    "maxResTime" : 942.0,
    "pct1ResTime" : 133.0,
    "pct2ResTime" : 145.0,
    "pct3ResTime" : 177.98999999999978,
    "throughput" : 154.47355412753336,
    "receivedKBytesPerSec" : 190.81053118627963,
    "sentKBytesPerSec" : 120.87857316639891
  }
}