{
  "Total" : {
    "transaction" : "Total",
    "sampleCount" : 15,
    "errorCount" : 0,
    "errorPct" : 0.0,
    "meanResTime" : 9262.8,
    "medianResTime" : 9452.0,
    "minResTime" : 5796.0,
    "maxResTime" : 12612.0,
    "pct1ResTime" : 12612.0,
    "pct2ResTime" : 12612.0,
    "pct3ResTime" : 12612.0,
    "throughput" : 0.32337343163885657,
    "receivedKBytesPerSec" : 0.8842242271374984,
    "sentKBytesPerSec" : 0.25958296953822274
  },
  "HTTP Request - enroll" : {
    "transaction" : "HTTP Request - enroll",
    "sampleCount" : 15,
    "errorCount" : 0,
    "errorPct" : 0.0,
    "meanResTime" : 9262.8,
    "medianResTime" : 9452.0,
    "minResTime" : 5796.0,
    "maxResTime" : 12612.0,
    "pct1ResTime" : 12612.0,
    "pct2ResTime" : 12612.0,
    "pct3ResTime" : 12612.0,
    "throughput" : 0.32337343163885657,
    "receivedKBytesPerSec" : 0.8842242271374984,
    "sentKBytesPerSec" : 0.25958296953822274
  }
}