{
  "Total" : {
    "transaction" : "Total",
    "sampleCount" : 153600,
    "errorCount" : 193,
    "errorPct" : 0.12565105,
    "meanResTime" : 74.31144531250087,
    "medianResTime" : 46.0,
    "minResTime" : 8.0,
    "maxResTime" : 6920.0,
    "pct1ResTime" : 85.0,
    "pct2ResTime" : 92.0,
    "pct3ResTime" : 108.0,
    "throughput" : 320.34102972122406,
    "receivedKBytesPerSec" : 548.1463669037507,
    "sentKBytesPerSec" : 142.82703500497405
  },
  "Create CSR" : {
    "transaction" : "Create CSR",
    "sampleCount" : 76800,
    "errorCount" : 0,
    "errorPct" : 0.0,
    "meanResTime" : 26.8312109375002,
    "medianResTime" : 23.0,
    "minResTime" : 8.0,
    "maxResTime" : 119.0,
    "pct1ResTime" : 36.0,
    "pct2ResTime" : 41.0,
    "pct3ResTime" : 52.0,
    "throughput" : 160.17686195173837,
    "receivedKBytesPerSec" : 62.86158088618683,
    "sentKBytesPerSec" : 0.0
  },
  "HTTP Request - enroll" : {
    "transaction" : "HTTP Request - enroll",
    "sampleCount" : 76800,
    "errorCount" : 193,
    "errorPct" : 0.2513021,
    "meanResTime" : 121.79167968749921,
    "medianResTime" : 72.0,
    "minResTime" : 16.0,
    "maxResTime" : 6920.0,
    "pct1ResTime" : 91.0,
    "pct2ResTime" : 98.0,
    "pct3ResTime" : 120.0,
    "throughput" : 160.2814943744952,
    "receivedKBytesPerSec" : 485.62352450827706,
    "sentKBytesPerSec" : 142.92599750708015
  }
}