{
  "Total" : {
    "transaction" : "Total",
    "sampleCount" : 12,
    "errorCount" : 6,
    "errorPct" : 50.0,
    "meanResTime" : 49.16666666666668,
    "medianResTime" : 9.5,
    "minResTime" : 2.0,
    "maxResTime" : 257.0,
    "pct1ResTime" : 257.0,
    "pct2ResTime" : 257.0,
    "pct3ResTime" : 257.0,
    "throughput" : 16.949152542372882,
    "receivedKBytesPerSec" : 4.344875529661017,
    "sentKBytesPerSec" : 6.811109639830509
  },
  "OS Process Sampler" : {
    "transaction" : "OS Process Sampler",
    "sampleCount" : 6,
    "errorCount" : 0,
    "errorPct" : 0.0,
    "meanResTime" : 9.166666666666668,
    "medianResTime" : 9.5,
    "minResTime" : 8.0,
    "maxResTime" : 10.0,
    "pct1ResTime" : 10.0,
    "pct2ResTime" : 10.0,
    "pct3ResTime" : 10.0,
    "throughput" : 8.51063829787234,
    "receivedKBytesPerSec" : 2.6678856382978724,
    "sentKBytesPerSec" : 0.0
  },
  "HTTP Request - enroll" : {
    "transaction" : "HTTP Request - enroll",
    "sampleCount" : 6,
    "errorCount" : 6,
    "errorPct" : 100.0,
    "meanResTime" : 89.16666666666666,
    "medianResTime" : 8.5,
    "minResTime" : 2.0,
    "maxResTime" : 257.0,
    "pct1ResTime" : 257.0,
    "pct2ResTime" : 257.0,
    "pct3ResTime" : 257.0,
    "throughput" : 19.543973941368076,
    "receivedKBytesPerSec" : 3.893526058631922,
    "sentKBytesPerSec" : 15.707705618892508
  }
}