{
  "Total" : {
    "transaction" : "Total",
    "sampleCount" : 600,
    "errorCount" : 0,
    "errorPct" : 0.0,
    "meanResTime" : 330.96666666666675,
    "medianResTime" : 242.0,
    "minResTime" : 119.0,
    "maxResTime" : 1403.0,
    "pct1ResTime" : 623.8,
    "pct2ResTime" : 762.299999999999,
    "pct3ResTime" : 1109.8300000000002,
    "throughput" : 8.864593336780676,
    "receivedKBytesPerSec" : 19.789108092635,
    "sentKBytesPerSec" : 7.665622460663367
  },
  "OS Process Sampler" : {
    "transaction" : "OS Process Sampler",
    "sampleCount" : 300,
    "errorCount" : 0,
    "errorPct" : 0.0,
    "meanResTime" : 450.06333333333316,
    "medianResTime" : 406.0,
    "minResTime" : 119.0,
    "maxResTime" : 1403.0,
    "pct1ResTime" : 761.6000000000005,
    "pct2ResTime" : 911.75,
    "pct3ResTime" : 1157.7200000000003,
    "throughput" : 4.448266658758637,
    "receivedKBytesPerSec" : 5.508205198540969,
    "sentKBytesPerSec" : 0.0
  },
  "HTTP Request - enroll" : {
    "transaction" : "HTTP Request - enroll",
    "sampleCount" : 300,
    "errorCount" : 0,
    "errorPct" : 0.0,
    "meanResTime" : 211.87000000000012,
    "medianResTime" : 234.0,
    "minResTime" : 130.0,
    "maxResTime" : 569.0,
    "pct1ResTime" : 247.0,
    "pct2ResTime" : 250.95,
    "pct3ResTime" : 261.98,
    "throughput" : 4.482495853691335,
    "receivedKBytesPerSec" : 14.46264446710595,
    "sentKBytesPerSec" : 7.752441559460307
  }
}