{
  "Total" : {
    "transaction" : "Total",
    "sampleCount" : 153600,
    "errorCount" : 65,
    "errorPct" : 0.042317707,
    "meanResTime" : 72.45731119791758,
    "medianResTime" : 61.0,
    "minResTime" : 6.0,
    "maxResTime" : 10943.0,
    "pct1ResTime" : 111.0,
    "pct2ResTime" : 119.0,
    "pct3ResTime" : 136.0,
    "throughput" : 437.42738022008064,
    "receivedKBytesPerSec" : 666.5433837996306,
    "sentKBytesPerSec" : 176.49009380766864
  },
  "Create CSR" : {
    "transaction" : "Create CSR",
    "sampleCount" : 76800,
    "errorCount" : 0,
    "errorPct" : 0.0,
    "meanResTime" : 28.718476562499863,
    "medianResTime" : 27.0,
    "minResTime" : 6.0,
    "maxResTime" : 219.0,
    "pct1ResTime" : 55.0,
    "pct2ResTime" : 68.0,
    "pct3ResTime" : 99.0,
    "throughput" : 218.7242792493884,
    "receivedKBytesPerSec" : 68.96543131117801,
    "sentKBytesPerSec" : 0.0
  },
  "HTTP Request - enroll" : {
    "transaction" : "HTTP Request - enroll",
    "sampleCount" : 76800,
    "errorCount" : 65,
    "errorPct" : 0.084635414,
    "meanResTime" : 116.19614583333274,
    "medianResTime" : 95.0,
    "minResTime" : 16.0,
    "maxResTime" : 10943.0,
    "pct1ResTime" : 120.0,
    "pct2ResTime" : 127.0,
    "pct3ResTime" : 144.0,
    "throughput" : 218.91568325637078,
    "receivedKBytesPerSec" : 598.1331878482912,
    "sentKBytesPerSec" : 176.6530913288866
  }
}