{
  "Total" : {
    "transaction" : "Total",
    "sampleCount" : 6,
    "errorCount" : 6,
    "errorPct" : 100.0,
    "meanResTime" : 40.16666666666666,
    "medianResTime" : 6.5,
    "minResTime" : 1.0,
    "maxResTime" : 207.0,
    "pct1ResTime" : 207.0,
    "pct2ResTime" : 207.0,
    "pct3ResTime" : 207.0,
    "throughput" : 9.46372239747634,
    "receivedKBytesPerSec" : 1.8853509463722398,
    "sentKBytesPerSec" : 3.641315063091483
  },
  "HTTP Request - enroll" : {
    "transaction" : "HTTP Request - enroll",
    "sampleCount" : 6,
    "errorCount" : 6,
    "errorPct" : 100.0,
    "meanResTime" : 40.16666666666666,
    "medianResTime" : 6.5,
    "minResTime" : 1.0,
    "maxResTime" : 207.0,
    "pct1ResTime" : 207.0,
    "pct2ResTime" : 207.0,
    "pct3ResTime" : 207.0,
    "throughput" : 9.46372239747634,
    "receivedKBytesPerSec" : 1.8853509463722398,
    "sentKBytesPerSec" : 3.641315063091483
  }
}