{
  "Total" : {
    "transaction" : "Total",
    "sampleCount" : 153600,
    "errorCount" : 10,
    "errorPct" : 0.0065104165,
    "meanResTime" : 45.531256510416746,
    "medianResTime" : 46.0,
    "minResTime" : 6.0,
    "maxResTime" : 2450.0,
    "pct1ResTime" : 82.0,
    "pct2ResTime" : 90.0,
    "pct3ResTime" : 105.0,
    "throughput" : 519.5560772163159,
    "receivedKBytesPerSec" : 792.0340396594895,
    "sentKBytesPerSec" : 209.4840970514516
  },
  "Create CSR" : {
    "transaction" : "Create CSR",
    "sampleCount" : 76800,
    "errorCount" : 0,
    "errorPct" : 0.0,
    "meanResTime" : 23.113945312499915,
    "medianResTime" : 20.0,
    "minResTime" : 6.0,
    "maxResTime" : 128.0,
    "pct1ResTime" : 38.0,
    "pct2ResTime" : 47.0,
    "pct3ResTime" : 68.0,
    "throughput" : 259.79912926698086,
    "receivedKBytesPerSec" : 81.82150311386847,
    "sentKBytesPerSec" : 0.0
  },
  "HTTP Request - enroll" : {
    "transaction" : "HTTP Request - enroll",
    "sampleCount" : 76800,
    "errorCount" : 10,
    "errorPct" : 0.013020833,
    "meanResTime" : 67.94856770833483,
    "medianResTime" : 69.0,
    "minResTime" : 23.0,
    "maxResTime" : 2450.0,
    "pct1ResTime" : 89.0,
    "pct2ResTime" : 95.0,
    "pct3ResTime" : 110.0,
    "throughput" : 260.06217111278164,
    "receivedKBytesPerSec" : 710.9959818458065,
    "sentKBytesPerSec" : 209.7132205042768
  }
}