{
  "Total" : {
    "transaction" : "Total",
    "sampleCount" : 3000,
    "errorCount" : 0,
    "errorPct" : 0.0,
    "meanResTime" : 156.58533333333315,
    "medianResTime" : 132.5,
    "minResTime" : 11.0,
    "maxResTime" : 2709.0,
    "pct1ResTime" : 302.0,
    "pct2ResTime" : 318.0,
    "pct3ResTime" : 389.9499999999989,
    "throughput" : 18.90097150993561,
    "receivedKBytesPerSec" : 28.904095338469144,
    "sentKBytesPerSec" : 7.604687755950655
  },
  "OS Process Sampler" : {
    "transaction" : "OS Process Sampler",
    "sampleCount" : 1500,
    "errorCount" : 0,
    "errorPct" : 0.0,
    "meanResTime" : 20.929999999999986,
    "medianResTime" : 19.0,
    "minResTime" : 11.0,
    "maxResTime" : 75.0,
    "pct1ResTime" : 30.0,
    "pct2ResTime" : 36.0,
    "pct3ResTime" : 46.0,
    "throughput" : 9.467186730791077,
    "receivedKBytesPerSec" : 2.9584958533722117,
    "sentKBytesPerSec" : 0.0
  },
  "HTTP Request - enroll" : {
    "transaction" : "HTTP Request - enroll",
    "sampleCount" : 1500,
    "errorCount" : 0,
    "errorPct" : 0.0,
    "meanResTime" : 292.24066666666704,
    "medianResTime" : 282.0,
    "minResTime" : 190.0,
    "maxResTime" : 2709.0,
    "pct1ResTime" : 318.0,
    "pct2ResTime" : 336.95000000000005,
    "pct3ResTime" : 432.94000000000005,
    "throughput" : 9.505281768235884,
    "receivedKBytesPerSec" : 26.101287143868777,
    "sentKBytesPerSec" : 7.648781422877312
  }
}