{
  "Total" : {
    "transaction" : "Total",
    "sampleCount" : 32000,
    "errorCount" : 0,
    "errorPct" : 0.0,
    "meanResTime" : 60.671812499999945,
    "medianResTime" : 55.0,
    "minResTime" : 7.0,
    "maxResTime" : 1565.0,
    "pct1ResTime" : 98.0,
    "pct2ResTime" : 107.0,
    "pct3ResTime" : 126.0,
    "throughput" : 515.9459546612493,
    "receivedKBytesPerSec" : 786.7038516826691,
    "sentKBytesPerSec" : 208.17021077198413
  },
  "Create CSR" : {
    "transaction" : "Create CSR",
    "sampleCount" : 16000,
    "errorCount" : 0,
    "errorPct" : 0.0,
    "meanResTime" : 32.21037500000017,
    "medianResTime" : 29.0,
    "minResTime" : 7.0,
    "maxResTime" : 138.0,
    "pct1ResTime" : 53.0,
    "pct2ResTime" : 62.0,
    "pct3ResTime" : 80.0,
    "throughput" : 258.03954456020386,
    "receivedKBytesPerSec" : 81.36183393542561,
    "sentKBytesPerSec" : 0.0
  },
  "HTTP Request - enroll" : {
    "transaction" : "HTTP Request - enroll",
    "sampleCount" : 16000,
    "errorCount" : 0,
    "errorPct" : 0.0,
    "meanResTime" : 89.13325000000032,
    "medianResTime" : 82.0,
    "minResTime" : 15.0,
    "maxResTime" : 1565.0,
    "pct1ResTime" : 108.0,
    "pct2ResTime" : 117.0,
    "pct3ResTime" : 165.0,
    "throughput" : 259.44122845421674,
    "receivedKBytesPerSec" : 709.37757477684,
    "sentKBytesPerSec" : 209.35500985065914
  }
}