{
  "Total" : {
    "transaction" : "Total",
    "sampleCount" : 20000,
    "errorCount" : 0,
    "errorPct" : 0.0,
    "meanResTime" : 11.853049999999957,
    "medianResTime" : 14.0,
    "minResTime" : 6.0,
    "maxResTime" : 211.0,
    "pct1ResTime" : 16.0,
    "pct2ResTime" : 17.0,
    "pct3ResTime" : 23.0,
    "throughput" : 81.84578616969905,
    "receivedKBytesPerSec" : 124.68206029246569,
    "sentKBytesPerSec" : 32.85021300365851
  },
  "Create CSR" : {
    "transaction" : "Create CSR",
    "sampleCount" : 10000,
    "errorCount" : 0,
    "errorPct" : 0.0,
    "meanResTime" : 8.103399999999985,
    "medianResTime" : 8.0,
    "minResTime" : 6.0,
    "maxResTime" : 27.0,
    "pct1ResTime" : 9.0,
    "pct2ResTime" : 9.0,
    "pct3ResTime" : 15.0,
    "throughput" : 40.925405263825624,
    "receivedKBytesPerSec" : 12.789189144945507,
    "sentKBytesPerSec" : 0.0
  },
  "HTTP Request - enroll" : {
    "transaction" : "HTTP Request - enroll",
    "sampleCount" : 10000,
    "errorCount" : 0,
    "errorPct" : 0.0,
    "meanResTime" : 15.60270000000003,
    "medianResTime" : 15.0,
    "minResTime" : 12.0,
    "maxResTime" : 211.0,
    "pct1ResTime" : 17.0,
    "pct2ResTime" : 19.0,
    "pct3ResTime" : 26.0,
    "throughput" : 40.95356275519189,
    "receivedKBytesPerSec" : 111.97751492629382,
    "sentKBytesPerSec" : 32.87483260231224
  }
}