{
  "Total" : {
    "transaction" : "Total",
    "sampleCount" : 153600,
    "errorCount" : 0,
    "errorPct" : 0.0,
    "meanResTime" : 45.870963541666235,
    "medianResTime" : 47.0,
    "minResTime" : 7.0,
    "maxResTime" : 670.0,
    "pct1ResTime" : 84.0,
    "pct2ResTime" : 91.0,
    "pct3ResTime" : 105.0,
    "throughput" : 516.3684773181112,
    "receivedKBytesPerSec" : 787.253980524193,
    "sentKBytesPerSec" : 208.1988623756984
  },
  "Create CSR" : {
    "transaction" : "Create CSR",
    "sampleCount" : 76800,
    "errorCount" : 0,
    "errorPct" : 0.0,
    "meanResTime" : 22.827695312499824,
    "medianResTime" : 20.0,
    "minResTime" : 7.0,
    "maxResTime" : 130.0,
    "pct1ResTime" : 41.0,
    "pct2ResTime" : 51.0,
    "pct3ResTime" : 72.0,
    "throughput" : 258.20854374415836,
    "receivedKBytesPerSec" : 81.32056187254987,
    "sentKBytesPerSec" : 0.0
  },
  "HTTP Request - enroll" : {
    "transaction" : "HTTP Request - enroll",
    "sampleCount" : 76800,
    "errorCount" : 0,
    "errorPct" : 0.0,
    "meanResTime" : 68.91423177083293,
    "medianResTime" : 72.0,
    "minResTime" : 27.0,
    "maxResTime" : 670.0,
    "pct1ResTime" : 91.0,
    "pct2ResTime" : 97.0,
    "pct3ResTime" : 110.0,
    "throughput" : 258.45010701449746,
    "receivedKBytesPerSec" : 706.6680247233355,
    "sentKBytesPerSec" : 208.41325768283326
  }
}