{
  "Total" : {
    "transaction" : "Total",
    "sampleCount" : 200,
    "errorCount" : 54,
    "errorPct" : 27.0,
    "meanResTime" : 12.235000000000001,
    "medianResTime" : 10.0,
    "minResTime" : 1.0,
    "maxResTime" : 205.0,
    "pct1ResTime" : 22.0,
    "pct2ResTime" : 25.94999999999999,
    "pct3ResTime" : 33.99000000000001,
    "throughput" : 69.44444444444444,
    "receivedKBytesPerSec" : 60.88189019097222,
    "sentKBytesPerSec" : 30.256483289930557
  },
  "Create CSR" : {
    "transaction" : "Create CSR",
    "sampleCount" : 100,
    "errorCount" : 0,
    "errorPct" : 0.0,
    "meanResTime" : 11.82,
    "medianResTime" : 10.0,
    "minResTime" : 8.0,
    "maxResTime" : 27.0,
    "pct1ResTime" : 17.900000000000006,
    "pct2ResTime" : 22.94999999999999,
    "pct3ResTime" : 26.97999999999999,
    "throughput" : 34.770514603616135,
    "receivedKBytesPerSec" : 13.388685457232267,
    "sentKBytesPerSec" : 0.0
  },
  "HTTP Request - enroll" : {
    "transaction" : "HTTP Request - enroll",
    "sampleCount" : 100,
    "errorCount" : 54,
    "errorPct" : 54.0,
    "meanResTime" : 12.649999999999995,
    "medianResTime" : 3.0,
    "minResTime" : 1.0,
    "maxResTime" : 205.0,
    "pct1ResTime" : 24.900000000000006,
    "pct2ResTime" : 29.899999999999977,
    "pct3ResTime" : 203.2899999999991,
    "throughput" : 37.03703703703704,
    "receivedKBytesPerSec" : 50.67925347222222,
    "sentKBytesPerSec" : 32.273582175925924
  }
}