{
  "Total" : {
    "transaction" : "Total",
    "sampleCount" : 153600,
    "errorCount" : 0,
    "errorPct" : 0.0,
    "meanResTime" : 111.02573567708409,
    "medianResTime" : 64.5,
    "minResTime" : 7.0,
    "maxResTime" : 1603.0,
    "pct1ResTime" : 248.0,
    "pct2ResTime" : 266.0,
    "pct3ResTime" : 298.0,
    "throughput" : 214.6249582557251,
    "receivedKBytesPerSec" : 237.87673225641254,
    "sentKBytesPerSec" : 86.74600058407052
  },
  "Create CSR" : {
    "transaction" : "Create CSR",
    "sampleCount" : 76800,
    "errorCount" : 0,
    "errorPct" : 0.0,
    "meanResTime" : 27.986809895833535,
    "medianResTime" : 26.0,
    "minResTime" : 7.0,
    "maxResTime" : 89.0,
    "pct1ResTime" : 41.0,
    "pct2ResTime" : 46.0,
    "pct3ResTime" : 55.0,
    "throughput" : 107.32102681628261,
    "receivedKBytesPerSec" : 33.799835105714,
    "sentKBytesPerSec" : 0.0
  },
  "HTTP Request - enroll" : {
    "transaction" : "HTTP Request - enroll",
    "sampleCount" : 76800,
    "errorCount" : 0,
    "errorPct" : 0.0,
    "meanResTime" : 194.0646614583318,
    "medianResTime" : 207.0,
    "minResTime" : 55.0,
    "maxResTime" : 1603.0,
    "pct1ResTime" : 257.0,
    "pct2ResTime" : 272.0,
    "pct3ResTime" : 302.0,
    "throughput" : 107.36138429084869,
    "receivedKBytesPerSec" : 204.17259369133043,
    "sentKBytesPerSec" : 86.7855330534668
  }
}