{
  "Total" : {
    "transaction" : "Total",
    "sampleCount" : 100,
    "errorCount" : 0,
    "errorPct" : 0.0,
    "meanResTime" : 284.95999999999987,
    "medianResTime" : 230.5,
    "minResTime" : 10.0,
    "maxResTime" : 868.0,
    "pct1ResTime" : 539.6000000000001,
    "pct2ResTime" : 831.0,
    "pct3ResTime" : 867.98,
    "throughput" : 30.854674483184205,
    "receivedKBytesPerSec" : 52.85520238738044,
    "sentKBytesPerSec" : 13.716469646713977
  },
  "Create CSR" : {
    "transaction" : "Create CSR",
    "sampleCount" : 50,
    "errorCount" : 0,
    "errorPct" : 0.0,
    "meanResTime" : 28.37999999999999,
    "medianResTime" : 28.5,
    "minResTime" : 10.0,
    "maxResTime" : 72.0,
    "pct1ResTime" : 44.8,
    "pct2ResTime" : 63.19999999999993,
    "pct3ResTime" : 72.0,
    "throughput" : 18.063583815028903,
    "receivedKBytesPerSec" : 7.060321080202312,
    "sentKBytesPerSec" : 0.0
  },
  "HTTP Request - enroll" : {
    "transaction" : "HTTP Request - enroll",
    "sampleCount" : 50,
    "errorCount" : 0,
    "errorPct" : 0.0,
    "meanResTime" : 541.54,
    "medianResTime" : 497.5,
    "minResTime" : 389.0,
    "maxResTime" : 868.0,
    "pct1ResTime" : 831.0,
    "pct2ResTime" : 858.8499999999999,
    "pct3ResTime" : 868.0,
    "throughput" : 16.627868307283006,
    "receivedKBytesPerSec" : 50.46915270618557,
    "sentKBytesPerSec" : 14.78386369304955
  }
}