{
  "Total" : {
    "transaction" : "Total",
    "sampleCount" : 12,
    "errorCount" : 6,
    "errorPct" : 50.0,
    "meanResTime" : 92.66666666666666,
    "medianResTime" : 87.0,
    "minResTime" : 4.0,
    "maxResTime" : 234.0,
    "pct1ResTime" : 219.60000000000005,
    "pct2ResTime" : 234.0,
    "pct3ResTime" : 234.0,
    "throughput" : 14.018691588785046,
    "receivedKBytesPerSec" : 7.953964661214953,
    "sentKBytesPerSec" : 9.80897707359813
  },
  "OS Process Sampler" : {
    "transaction" : "OS Process Sampler",
    "sampleCount" : 6,
    "errorCount" : 0,
    "errorPct" : 0.0,
    "meanResTime" : 109.16666666666667,
    "medianResTime" : 106.5,
    "minResTime" : 68.0,
    "maxResTime" : 156.0,
    "pct1ResTime" : 156.0,
    "pct2ResTime" : 156.0,
    "pct3ResTime" : 156.0,
    "throughput" : 7.050528789659225,
    "receivedKBytesPerSec" : 6.389541715628672,
    "sentKBytesPerSec" : 0.0
  },
  "HTTP Request - enroll" : {
    "transaction" : "HTTP Request - enroll",
    "sampleCount" : 6,
    "errorCount" : 6,
    "errorPct" : 100.0,
    "meanResTime" : 76.16666666666666,
    "medianResTime" : 14.5,
    "minResTime" : 4.0,
    "maxResTime" : 234.0,
    "pct1ResTime" : 234.0,
    "pct2ResTime" : 234.0,
    "pct3ResTime" : 234.0,
    "throughput" : 14.705882352941176,
    "receivedKBytesPerSec" : 3.360523897058824,
    "sentKBytesPerSec" : 20.57961856617647
  }
}