{
  "Total" : {
    "transaction" : "Total",
    "sampleCount" : 24000,
    "errorCount" : 5,
    "errorPct" : 0.020833334,
    "meanResTime" : 904.3856250000067,
    "medianResTime" : 214.0,
    "minResTime" : 27.0,
    "maxResTime" : 9368.0,
    "pct1ResTime" : 2458.9000000000015,
    "pct2ResTime" : 3087.9500000000007,
    "pct3ResTime" : 4603.980000000003,
    "throughput" : 26.082363757686146,
    "receivedKBytesPerSec" : 112.49056467094924,
    "sentKBytesPerSec" : 22.678793584716605
  },
  "Create CSR" : {
    "transaction" : "Create CSR",
    "sampleCount" : 12000,
    "errorCount" : 0,
    "errorPct" : 0.0,
    "meanResTime" : 1742.5540833333346,
    "medianResTime" : 1498.0,
    "minResTime" : 133.0,
    "maxResTime" : 9368.0,
    "pct1ResTime" : 3061.8999999999996,
    "pct2ResTime" : 3692.899999999998,
    "pct3ResTime" : 5159.909999999998,
    "throughput" : 13.041663768519161,
    "receivedKBytesPerSec" : 16.18108771279648,
    "sentKBytesPerSec" : 0.0
  },
  "HTTP Request - enroll" : {
    "transaction" : "HTTP Request - enroll",
    "sampleCount" : 12000,
    "errorCount" : 5,
    "errorPct" : 0.041666668,
    "meanResTime" : 66.21716666666684,
    "medianResTime" : 47.0,
    "minResTime" : 27.0,
    "maxResTime" : 5776.0,
    "pct1ResTime" : 60.0,
    "pct2ResTime" : 71.0,
    "pct3ResTime" : 127.98999999999978,
    "throughput" : 13.054745073465579,
    "receivedKBytesPerSec" : 96.41024002644673,
    "sentKBytesPerSec" : 22.70238016559944
  }
}