{
  "Total" : {
    "transaction" : "Total",
    "sampleCount" : 30,
    "errorCount" : 0,
    "errorPct" : 0.0,
    "meanResTime" : 163.16666666666666,
    "medianResTime" : 136.0,
    "minResTime" : 54.0,
    "maxResTime" : 490.0,
    "pct1ResTime" : 341.7000000000002,
    "pct2ResTime" : 413.5499999999999,
    "pct3ResTime" : 490.0,
    "throughput" : 13.1521262604121,
    "receivedKBytesPerSec" : 45.63941938842613,
    "sentKBytesPerSec" : 9.215479093599297
  },
  "OS Process Sampler" : {
    "transaction" : "OS Process Sampler",
    "sampleCount" : 15,
    "errorCount" : 0,
    "errorPct" : 0.0,
    "meanResTime" : 159.8,
    "medianResTime" : 102.0,
    "minResTime" : 54.0,
    "maxResTime" : 490.0,
    "pct1ResTime" : 350.80000000000007,
    "pct2ResTime" : 490.0,
    "pct3ResTime" : 490.0,
    "throughput" : 6.918819188191882,
    "receivedKBytesPerSec" : 6.270179889298893,
    "sentKBytesPerSec" : 0.0
  },
  "HTTP Request - enroll" : {
    "transaction" : "HTTP Request - enroll",
    "sampleCount" : 15,
    "errorCount" : 0,
    "errorPct" : 0.0,
    "meanResTime" : 166.53333333333336,
    "medianResTime" : 144.0,
    "minResTime" : 112.0,
    "maxResTime" : 351.0,
    "pct1ResTime" : 351.0,
    "pct2ResTime" : 351.0,
    "pct3ResTime" : 351.0,
    "throughput" : 8.301051466519093,
    "receivedKBytesPerSec" : 50.08841484504704,
    "sentKBytesPerSec" : 11.632821146928611
  }
}