{
  "Total" : {
    "transaction" : "Total",
    "sampleCount" : 12000,
    "errorCount" : 0,
    "errorPct" : 0.0,
    "meanResTime" : 150.15575000000032,
    "medianResTime" : 38.0,
    "minResTime" : 8.0,
    "maxResTime" : 112714.0,
    "pct1ResTime" : 69.0,
    "pct2ResTime" : 77.0,
    "pct3ResTime" : 94.0,
    "throughput" : 79.31734207586703,
    "receivedKBytesPerSec" : 91.47365424909611,
    "sentKBytesPerSec" : 31.73855558162746
  },
  "Create CSR" : {
    "transaction" : "Create CSR",
    "sampleCount" : 6000,
    "errorCount" : 0,
    "errorPct" : 0.0,
    "meanResTime" : 15.641000000000025,
    "medianResTime" : 14.0,
    "minResTime" : 8.0,
    "maxResTime" : 69.0,
    "pct1ResTime" : 22.0,
    "pct2ResTime" : 25.0,
    "pct3ResTime" : 33.0,
    "throughput" : 39.66942148760331,
    "receivedKBytesPerSec" : 12.43543388429752,
    "sentKBytesPerSec" : 0.0
  },
  "HTTP Request - enroll" : {
    "transaction" : "HTTP Request - enroll",
    "sampleCount" : 6000,
    "errorCount" : 0,
    "errorPct" : 0.0,
    "meanResTime" : 284.67049999999944,
    "medianResTime" : 58.0,
    "minResTime" : 33.0,
    "maxResTime" : 112714.0,
    "pct1ResTime" : 77.0,
    "pct2ResTime" : 84.0,
    "pct3ResTime" : 102.0,
    "throughput" : 39.7211574745288,
    "receivedKBytesPerSec" : 79.16612877599253,
    "sentKBytesPerSec" : 31.788563037476912
  }
}