{
  "Total" : {
    "transaction" : "Total",
    "sampleCount" : 3000,
    "errorCount" : 0,
    "errorPct" : 0.0,
    "meanResTime" : 133.81266666666684,
    "medianResTime" : 136.0,
    "minResTime" : 13.0,
    "maxResTime" : 1151.0,
    "pct1ResTime" : 260.0,
    "pct2ResTime" : 274.9499999999998,
    "pct3ResTime" : 308.9899999999998,
    "throughput" : 22.12715739784629,
    "receivedKBytesPerSec" : 33.8377033508814,
    "sentKBytesPerSec" : 8.902723484289718
  },
  "OS Process Sampler" : {
    "transaction" : "OS Process Sampler",
    "sampleCount" : 1500,
    "errorCount" : 0,
    "errorPct" : 0.0,
    "meanResTime" : 22.414666666666708,
    "medianResTime" : 20.0,
    "minResTime" : 13.0,
    "maxResTime" : 89.0,
    "pct1ResTime" : 31.0,
    "pct2ResTime" : 39.0,
    "pct3ResTime" : 52.0,
    "throughput" : 11.081150962213275,
    "receivedKBytesPerSec" : 3.4628596756916483,
    "sentKBytesPerSec" : 0.0
  },
  "HTTP Request - enroll" : {
    "transaction" : "HTTP Request - enroll",
    "sampleCount" : 1500,
    "errorCount" : 0,
    "errorPct" : 0.0,
    "meanResTime" : 245.2106666666664,
    "medianResTime" : 238.0,
    "minResTime" : 183.0,
    "maxResTime" : 1151.0,
    "pct1ResTime" : 274.9000000000001,
    "pct2ResTime" : 288.0,
    "pct3ResTime" : 329.0,
    "throughput" : 11.152167609644396,
    "receivedKBytesPerSec" : 30.623598137680947,
    "sentKBytesPerSec" : 8.974009873385725
  }
}