{
  "Total" : {
    "transaction" : "Total",
    "sampleCount" : 153600,
    "errorCount" : 8,
    "errorPct" : 0.0052083335,
    "meanResTime" : 68.84394531249927,
    "medianResTime" : 59.0,
    "minResTime" : 6.0,
    "maxResTime" : 32593.0,
    "pct1ResTime" : 106.0,
    "pct2ResTime" : 116.0,
    "pct3ResTime" : 138.0,
    "throughput" : 459.3109140167577,
    "receivedKBytesPerSec" : 700.2915950784433,
    "sentKBytesPerSec" : 185.3195066594102
  },
  "Create CSR" : {
    "transaction" : "Create CSR",
    "sampleCount" : 76800,
    "errorCount" : 0,
    "errorPct" : 0.0,
    "meanResTime" : 37.02505208333399,
    "medianResTime" : 33.0,
    "minResTime" : 6.0,
    "maxResTime" : 199.0,
    "pct1ResTime" : 68.0,
    "pct2ResTime" : 81.0,
    "pct3ResTime" : 109.0,
    "throughput" : 229.6657585698522,
    "receivedKBytesPerSec" : 72.41536308421975,
    "sentKBytesPerSec" : 0.0
  },
  "HTTP Request - enroll" : {
    "transaction" : "HTTP Request - enroll",
    "sampleCount" : 76800,
    "errorCount" : 8,
    "errorPct" : 0.010416667,
    "meanResTime" : 100.66283854166666,
    "medianResTime" : 84.0,
    "minResTime" : 15.0,
    "maxResTime" : 32593.0,
    "pct1ResTime" : 113.0,
    "pct2ResTime" : 122.0,
    "pct3ResTime" : 143.0,
    "throughput" : 229.89882057115489,
    "receivedKBytesPerSec" : 628.5448376835374,
    "sentKBytesPerSec" : 185.5158878644555
  }
}