{
  "Total" : {
    "transaction" : "Total",
    "sampleCount" : 20000,
    "errorCount" : 0,
    "errorPct" : 0.0,
    "meanResTime" : 204.48654999999994,
    "medianResTime" : 203.0,
    "minResTime" : 6.0,
    "maxResTime" : 577.0,
    "pct1ResTime" : 405.0,
    "pct2ResTime" : 407.0,
    "pct3ResTime" : 412.0,
    "throughput" : 4.881772024663689,
    "receivedKBytesPerSec" : 7.436785190345174,
    "sentKBytesPerSec" : 1.9593831075554455
  },
  "Create CSR" : {
    "transaction" : "Create CSR",
    "sampleCount" : 10000,
    "errorCount" : 0,
    "errorPct" : 0.0,
    "meanResTime" : 8.255099999999993,
    "medianResTime" : 8.0,
    "minResTime" : 6.0,
    "maxResTime" : 27.0,
    "pct1ResTime" : 9.0,
    "pct2ResTime" : 9.0,
    "pct3ResTime" : 9.0,
    "throughput" : 2.4411255444015105,
    "receivedKBytesPerSec" : 0.7628517326254721,
    "sentKBytesPerSec" : 0.0
  },
  "HTTP Request - enroll" : {
    "transaction" : "HTTP Request - enroll",
    "sampleCount" : 10000,
    "errorCount" : 0,
    "errorPct" : 0.0,
    "meanResTime" : 400.71800000000104,
    "medianResTime" : 400.0,
    "minResTime" : 379.0,
    "maxResTime" : 577.0,
    "pct1ResTime" : 407.0,
    "pct2ResTime" : 409.0,
    "pct3ResTime" : 417.0,
    "throughput" : 2.4409706177925763,
    "receivedKBytesPerSec" : 6.674239644517788,
    "sentKBytesPerSec" : 1.9594510232670879
  }
}