{
  "Total" : {
    "transaction" : "Total",
    "sampleCount" : 32000,
    "errorCount" : 1334,
    "errorPct" : 4.16875,
    "meanResTime" : 866.6144375000013,
    "medianResTime" : 60.0,
    "minResTime" : 7.0,
    "maxResTime" : 9896.0,
    "pct1ResTime" : 4081.0,
    "pct2ResTime" : 4481.950000000001,
    "pct3ResTime" : 5930.820000000029,
    "throughput" : 36.86810091260071,
    "receivedKBytesPerSec" : 58.8895870315447,
    "sentKBytesPerSec" : 16.446332358440895
  },
  "Create CSR" : {
    "transaction" : "Create CSR",
    "sampleCount" : 16000,
    "errorCount" : 0,
    "errorPct" : 0.0,
    "meanResTime" : 30.89175000000006,
    "medianResTime" : 25.0,
    "minResTime" : 7.0,
    "maxResTime" : 144.0,
    "pct1ResTime" : 58.0,
    "pct2ResTime" : 67.0,
    "pct3ResTime" : 89.0,
    "throughput" : 18.43443275522184,
    "receivedKBytesPerSec" : 7.239583393341253,
    "sentKBytesPerSec" : 0.0
  },
  "HTTP Request - enroll" : {
    "transaction" : "HTTP Request - enroll",
    "sampleCount" : 16000,
    "errorCount" : 1334,
    "errorPct" : 8.3375,
    "meanResTime" : 1702.3371249999907,
    "medianResTime" : 1336.5,
    "minResTime" : 17.0,
    "maxResTime" : 9896.0,
    "pct1ResTime" : 4220.0,
    "pct2ResTime" : 5141.949999999999,
    "pct3ResTime" : 6520.959999999999,
    "throughput" : 18.441380613959666,
    "receivedKBytesPerSec" : 51.67069205927117,
    "sentKBytesPerSec" : 16.452872115364666
  }
}