{
  "Total" : {
    "transaction" : "Total",
    "sampleCount" : 30,
    "errorCount" : 15,
    "errorPct" : 50.0,
    "meanResTime" : 442.7333333333333,
    "medianResTime" : 83.0,
    "minResTime" : 4.0,
    "maxResTime" : 3768.0,
    "pct1ResTime" : 3167.9000000000065,
    "pct2ResTime" : 3768.0,
    "pct3ResTime" : 3768.0,
    "throughput" : 5.898545025560362,
    "receivedKBytesPerSec" : 3.352493364136846,
    "sentKBytesPerSec" : 4.138774024282344
  },
  "OS Process Sampler" : {
    "transaction" : "OS Process Sampler",
    "sampleCount" : 15,
    "errorCount" : 0,
    "errorPct" : 0.0,
    "meanResTime" : 147.46666666666664,
    "medianResTime" : 129.0,
    "minResTime" : 63.0,
    "maxResTime" : 350.0,
    "pct1ResTime" : 301.40000000000003,
    "pct2ResTime" : 350.0,
    "pct3ResTime" : 350.0,
    "throughput" : 2.9521747687463096,
    "receivedKBytesPerSec" : 2.675408384176343,
    "sentKBytesPerSec" : 0.0
  },
  "HTTP Request - enroll" : {
    "transaction" : "HTTP Request - enroll",
    "sampleCount" : 15,
    "errorCount" : 15,
    "errorPct" : 100.0,
    "meanResTime" : 738.0000000000001,
    "medianResTime" : 5.0,
    "minResTime" : 4.0,
    "maxResTime" : 3768.0,
    "pct1ResTime" : 3768.0,
    "pct2ResTime" : 3768.0,
    "pct3ResTime" : 3768.0,
    "throughput" : 3.280122457905095,
    "receivedKBytesPerSec" : 0.7559657227203148,
    "sentKBytesPerSec" : 4.603062472665646
  }
}