{
  "Total" : {
    "transaction" : "Total",
    "sampleCount" : 320,
    "errorCount" : 0,
    "errorPct" : 0.0,
    "meanResTime" : 145.6937499999999,
    "medianResTime" : 146.5,
    "minResTime" : 9.0,
    "maxResTime" : 495.0,
    "pct1ResTime" : 282.0,
    "pct2ResTime" : 284.0,
    "pct3ResTime" : 316.33000000000055,
    "throughput" : 6.797085749484909,
    "receivedKBytesPerSec" : 11.642104395006266,
    "sentKBytesPerSec" : 3.020106496527114
  },
  "Create CSR" : {
    "transaction" : "Create CSR",
    "sampleCount" : 160,
    "errorCount" : 0,
    "errorPct" : 0.0,
    "meanResTime" : 9.8125,
    "medianResTime" : 10.0,
    "minResTime" : 9.0,
    "maxResTime" : 21.0,
    "pct1ResTime" : 10.0,
    "pct2ResTime" : 11.0,
    "pct3ResTime" : 17.949999999999932,
    "throughput" : 3.41836516685895,
    "receivedKBytesPerSec" : 1.3352154371234457,
    "sentKBytesPerSec" : 0.0
  },
  "HTTP Request - enroll" : {
    "transaction" : "HTTP Request - enroll",
    "sampleCount" : 160,
    "errorCount" : 0,
    "errorPct" : 0.0,
    "meanResTime" : 281.5749999999998,
    "medianResTime" : 279.0,
    "minResTime" : 272.0,
    "maxResTime" : 495.0,
    "pct1ResTime" : 284.0,
    "pct2ResTime" : 286.0,
    "pct3ResTime" : 423.0199999999984,
    "throughput" : 3.408316291751875,
    "receivedKBytesPerSec" : 10.344294032517467,
    "sentKBytesPerSec" : 3.028791618737219
  }
}