{
  "Total" : {
    "transaction" : "Total",
    "sampleCount" : 2000,
    "errorCount" : 0,
    "errorPct" : 0.0,
    "meanResTime" : 340.61099999999914,
    "medianResTime" : 244.0,
    "minResTime" : 119.0,
    "maxResTime" : 1587.0,
    "pct1ResTime" : 606.0,
    "pct2ResTime" : 725.9499999999998,
    "pct3ResTime" : 1077.88,
    "throughput" : 2.9314165777470302,
    "receivedKBytesPerSec" : 12.640096520555092,
    "sentKBytesPerSec" : 2.543519169265856
  },
  "OS Process Sampler" : {
    "transaction" : "OS Process Sampler",
    "sampleCount" : 1000,
    "errorCount" : 0,
    "errorPct" : 0.0,
    "meanResTime" : 439.24300000000005,
    "medianResTime" : 383.0,
    "minResTime" : 119.0,
    "maxResTime" : 1587.0,
    "pct1ResTime" : 725.9,
    "pct2ResTime" : 896.8499999999998,
    "pct3ResTime" : 1273.6400000000003,
    "throughput" : 1.466226212312488,
    "receivedKBytesPerSec" : 1.815600426965073,
    "sentKBytesPerSec" : 0.0
  },
  "HTTP Request - enroll" : {
    "transaction" : "HTTP Request - enroll",
    "sampleCount" : 1000,
    "errorCount" : 0,
    "errorPct" : 0.0,
    "meanResTime" : 241.97899999999976,
    "medianResTime" : 242.0,
    "minResTime" : 234.0,
    "maxResTime" : 431.0,
    "pct1ResTime" : 245.0,
    "pct2ResTime" : 246.0,
    "pct3ResTime" : 248.99,
    "throughput" : 1.4674009541041004,
    "receivedKBytesPerSec" : 10.837638779445236,
    "sentKBytesPerSec" : 2.5464565385185414
  }
}