{
  "Total" : {
    "transaction" : "Total",
    "sampleCount" : 100,
    "errorCount" : 0,
    "errorPct" : 0.0,
    "meanResTime" : 27.129999999999995,
    "medianResTime" : 21.0,
    "minResTime" : 17.0,
    "maxResTime" : 238.0,
    "pct1ResTime" : 25.900000000000006,
    "pct2ResTime" : 39.799999999999955,
    "pct3ResTime" : 237.6099999999998,
    "throughput" : 34.19972640218878,
    "receivedKBytesPerSec" : 93.53691967339262,
    "sentKBytesPerSec" : 28.524709302325583
  },
  "HTTP Request - enroll" : {
    "transaction" : "HTTP Request - enroll",
    "sampleCount" : 100,
    "errorCount" : 0,
    "errorPct" : 0.0,
    "meanResTime" : 27.129999999999995,
    "medianResTime" : 21.0,
    "minResTime" : 17.0,
    "maxResTime" : 238.0,
    "pct1ResTime" : 25.900000000000006,
    "pct2ResTime" : 39.799999999999955,
    "pct3ResTime" : 237.6099999999998,
    "throughput" : 34.19972640218878,
    "receivedKBytesPerSec" : 93.53691967339262,
    "sentKBytesPerSec" : 28.524709302325583
  }
}