{
  "Total" : {
    "transaction" : "Total",
    "sampleCount" : 24000,
    "errorCount" : 1,
    "errorPct" : 0.004166667,
    "meanResTime" : 821.7330416666667,
    "medianResTime" : 165.5,
    "minResTime" : 27.0,
    "maxResTime" : 8528.0,
    "pct1ResTime" : 2188.0,
    "pct2ResTime" : 2737.0,
    "pct3ResTime" : 4089.9400000000096,
    "throughput" : 28.645771168031317,
    "receivedKBytesPerSec" : 123.58051088874996,
    "sentKBytesPerSec" : 24.907693851304575
  },
  "Create CSR" : {
    "transaction" : "Create CSR",
    "sampleCount" : 12000,
    "errorCount" : 0,
    "errorPct" : 0.0,
    "meanResTime" : 1591.2056666666656,
    "medianResTime" : 1383.5,
    "minResTime" : 144.0,
    "maxResTime" : 8528.0,
    "pct1ResTime" : 2755.0,
    "pct2ResTime" : 3318.949999999999,
    "pct3ResTime" : 4509.99,
    "throughput" : 14.32336427180016,
    "receivedKBytesPerSec" : 17.771322565744242,
    "sentKBytesPerSec" : 0.0
  },
  "HTTP Request - enroll" : {
    "transaction" : "HTTP Request - enroll",
    "sampleCount" : 12000,
    "errorCount" : 1,
    "errorPct" : 0.008333334,
    "meanResTime" : 52.260416666666536,
    "medianResTime" : 43.0,
    "minResTime" : 27.0,
    "maxResTime" : 3801.0,
    "pct1ResTime" : 54.0,
    "pct2ResTime" : 64.0,
    "pct3ResTime" : 108.0,
    "throughput" : 14.340052843094726,
    "receivedKBytesPerSec" : 105.93660472697435,
    "sentKBytesPerSec" : 24.937547949551693
  }
}