{
  "Total" : {
    "transaction" : "Total",
    "sampleCount" : 50,
    "errorCount" : 0,
    "errorPct" : 0.0,
    "meanResTime" : 571.6,
    "medianResTime" : 473.5,
    "minResTime" : 414.0,
    "maxResTime" : 1105.0,
    "pct1ResTime" : 1077.9,
    "pct2ResTime" : 1105.0,
    "pct3ResTime" : 1105.0,
    "throughput" : 16.572754391779913,
    "receivedKBytesPerSec" : 45.31418317036792,
    "sentKBytesPerSec" : 13.3067565048061
  },
  "HTTP Request - enroll" : {
    "transaction" : "HTTP Request - enroll",
    "sampleCount" : 50,
    "errorCount" : 0,
    "errorPct" : 0.0,
    "meanResTime" : 571.6,
    "medianResTime" : 473.5,
    "minResTime" : 414.0,
    "maxResTime" : 1105.0,
    "pct1ResTime" : 1077.9,
    "pct2ResTime" : 1105.0,
    "pct3ResTime" : 1105.0,
    "throughput" : 16.572754391779913,
    "receivedKBytesPerSec" : 45.31418317036792,
    "sentKBytesPerSec" : 13.3067565048061
  }
}