{
  "Total" : {
    "transaction" : "Total",
    "sampleCount" : 153600,
    "errorCount" : 0,
    "errorPct" : 0.0,
    "meanResTime" : 45.48545572916539,
    "medianResTime" : 44.0,
    "minResTime" : 7.0,
    "maxResTime" : 1173.0,
    "pct1ResTime" : 82.0,
    "pct2ResTime" : 89.0,
    "pct3ResTime" : 107.0,
    "throughput" : 520.6514922970018,
    "receivedKBytesPerSec" : 793.7838171364168,
    "sentKBytesPerSec" : 209.92576648644985
  },
  "Create CSR" : {
    "transaction" : "Create CSR",
    "sampleCount" : 76800,
    "errorCount" : 0,
    "errorPct" : 0.0,
    "meanResTime" : 23.207187499999876,
    "medianResTime" : 20.0,
    "minResTime" : 7.0,
    "maxResTime" : 163.0,
    "pct1ResTime" : 37.0,
    "pct2ResTime" : 45.0,
    "pct3ResTime" : 64.0,
    "throughput" : 260.3407480728683,
    "receivedKBytesPerSec" : 81.99208130224612,
    "sentKBytesPerSec" : 0.0
  },
  "HTTP Request - enroll" : {
    "transaction" : "HTTP Request - enroll",
    "sampleCount" : 76800,
    "errorCount" : 0,
    "errorPct" : 0.0,
    "meanResTime" : 67.76372395833438,
    "medianResTime" : 71.0,
    "minResTime" : 16.0,
    "maxResTime" : 1173.0,
    "pct1ResTime" : 90.0,
    "pct2ResTime" : 96.0,
    "pct3ResTime" : 112.0,
    "throughput" : 260.63318932897135,
    "receivedKBytesPerSec" : 712.6370880095159,
    "sentKBytesPerSec" : 210.17368758632628
  }
}