{
  "Total" : {
    "transaction" : "Total",
    "sampleCount" : 30000,
    "errorCount" : 0,
    "errorPct" : 0.0,
    "meanResTime" : 51.1272333333334,
    "medianResTime" : 78.5,
    "minResTime" : 6.0,
    "maxResTime" : 426.0,
    "pct1ResTime" : 103.0,
    "pct2ResTime" : 107.0,
    "pct3ResTime" : 116.0,
    "throughput" : 96.64979590784765,
    "receivedKBytesPerSec" : 147.23411251022878,
    "sentKBytesPerSec" : 38.79205675598182
  },
  "OS Process Sampler" : {
    "transaction" : "OS Process Sampler",
    "sampleCount" : 15000,
    "errorCount" : 0,
    "errorPct" : 0.0,
    "meanResTime" : 8.573333333333316,
    "medianResTime" : 8.0,
    "minResTime" : 6.0,
    "maxResTime" : 25.0,
    "pct1ResTime" : 9.0,
    "pct2ResTime" : 10.0,
    "pct3ResTime" : 12.0,
    "throughput" : 48.339692688460346,
    "receivedKBytesPerSec" : 15.10615396514386,
    "sentKBytesPerSec" : 0.0
  },
  "HTTP Request - enroll" : {
    "transaction" : "HTTP Request - enroll",
    "sampleCount" : 15000,
    "errorCount" : 0,
    "errorPct" : 0.0,
    "meanResTime" : 93.68113333333336,
    "medianResTime" : 93.0,
    "minResTime" : 72.0,
    "maxResTime" : 426.0,
    "pct1ResTime" : 105.0,
    "pct2ResTime" : 109.0,
    "pct3ResTime" : 118.0,
    "throughput" : 48.38553595045321,
    "receivedKBytesPerSec" : 132.29838162982645,
    "sentKBytesPerSec" : 38.84073296022709
  }
}