{
  "Total" : {
    "transaction" : "Total",
    "sampleCount" : 20000,
    "errorCount" : 0,
    "errorPct" : 0.0,
    "meanResTime" : 14.068849999999996,
    "medianResTime" : 16.0,
    "minResTime" : 6.0,
    "maxResTime" : 418.0,
    "pct1ResTime" : 22.0,
    "pct2ResTime" : 24.0,
    "pct3ResTime" : 33.0,
    "throughput" : 69.31231783856468,
    "receivedKBytesPerSec" : 105.58892293856503,
    "sentKBytesPerSec" : 27.819690069970786
  },
  "Create CSR" : {
    "transaction" : "Create CSR",
    "sampleCount" : 10000,
    "errorCount" : 0,
    "errorPct" : 0.0,
    "meanResTime" : 7.96950000000001,
    "medianResTime" : 8.0,
    "minResTime" : 6.0,
    "maxResTime" : 25.0,
    "pct1ResTime" : 9.0,
    "pct2ResTime" : 10.0,
    "pct3ResTime" : 14.0,
    "throughput" : 34.65904167749761,
    "receivedKBytesPerSec" : 10.830950524218006,
    "sentKBytesPerSec" : 0.0
  },
  "HTTP Request - enroll" : {
    "transaction" : "HTTP Request - enroll",
    "sampleCount" : 10000,
    "errorCount" : 0,
    "errorPct" : 0.0,
    "meanResTime" : 20.168200000000013,
    "medianResTime" : 19.0,
    "minResTime" : 15.0,
    "maxResTime" : 418.0,
    "pct1ResTime" : 24.0,
    "pct2ResTime" : 28.0,
    "pct3ResTime" : 36.0,
    "throughput" : 34.673823343804834,
    "receivedKBytesPerSec" : 94.80717236704322,
    "sentKBytesPerSec" : 27.83386991074958
  }
}