{
  "Total" : {
    "transaction" : "Total",
    "sampleCount" : 30000,
    "errorCount" : 0,
    "errorPct" : 0.0,
    "meanResTime" : 210.6937666666678,
    "medianResTime" : 270.5,
    "minResTime" : 13.0,
    "maxResTime" : 14900.0,
    "pct1ResTime" : 416.0,
    "pct2ResTime" : 444.0,
    "pct3ResTime" : 595.9800000000032,
    "throughput" : 14.20613288227283,
    "receivedKBytesPerSec" : 26.302593989550914,
    "sentKBytesPerSec" : 6.846381227376733
  },
  "OS Process Sampler" : {
    "transaction" : "OS Process Sampler",
    "sampleCount" : 15000,
    "errorCount" : 0,
    "errorPct" : 0.0,
    "meanResTime" : 25.940666666666576,
    "medianResTime" : 24.0,
    "minResTime" : 13.0,
    "maxResTime" : 173.0,
    "pct1ResTime" : 35.0,
    "pct2ResTime" : 41.0,
    "pct3ResTime" : 57.0,
    "throughput" : 7.104270803436194,
    "receivedKBytesPerSec" : 3.3509087812812886,
    "sentKBytesPerSec" : 0.0
  },
  "HTTP Request - enroll" : {
    "transaction" : "HTTP Request - enroll",
    "sampleCount" : 15000,
    "errorCount" : 0,
    "errorPct" : 0.0,
    "meanResTime" : 395.4468666666657,
    "medianResTime" : 372.0,
    "minResTime" : 258.0,
    "maxResTime" : 14900.0,
    "pct1ResTime" : 436.0,
    "pct2ResTime" : 485.0,
    "pct3ResTime" : 805.9799999999996,
    "throughput" : 7.106350803586149,
    "receivedKBytesPerSec" : 22.962866089583606,
    "sentKBytesPerSec" : 6.849546902033743
  }
}