{
  "Total" : {
    "transaction" : "Total",
    "sampleCount" : 20000,
    "errorCount" : 0,
    "errorPct" : 0.0,
    "meanResTime" : 11.904200000000055,
    "medianResTime" : 14.0,
    "minResTime" : 6.0,
    "maxResTime" : 208.0,
    "pct1ResTime" : 16.0,
    "pct2ResTime" : 17.0,
    "pct3ResTime" : 23.0,
    "throughput" : 81.50357800707451,
    "receivedKBytesPerSec" : 124.16088723521524,
    "sentKBytesPerSec" : 32.712861875886354
  },
  "Create CSR" : {
    "transaction" : "Create CSR",
    "sampleCount" : 10000,
    "errorCount" : 0,
    "errorPct" : 0.0,
    "meanResTime" : 8.143199999999966,
    "medianResTime" : 8.0,
    "minResTime" : 6.0,
    "maxResTime" : 28.0,
    "pct1ResTime" : 9.0,
    "pct2ResTime" : 9.0,
    "pct3ResTime" : 14.0,
    "throughput" : 40.75428021827992,
    "receivedKBytesPerSec" : 12.735712568212477,
    "sentKBytesPerSec" : 0.0
  },
  "HTTP Request - enroll" : {
    "transaction" : "HTTP Request - enroll",
    "sampleCount" : 10000,
    "errorCount" : 0,
    "errorPct" : 0.0,
    "meanResTime" : 15.66520000000001,
    "medianResTime" : 15.0,
    "minResTime" : 12.0,
    "maxResTime" : 208.0,
    "pct1ResTime" : 17.0,
    "pct2ResTime" : 19.0,
    "pct3ResTime" : 26.0,
    "throughput" : 40.77588351145599,
    "receivedKBytesPerSec" : 111.4918338010667,
    "sentKBytesPerSec" : 32.732203365641425
  }
}