{
  "Total" : {
    "transaction" : "Total",
    "sampleCount" : 32000,
    "errorCount" : 0,
    "errorPct" : 0.0,
    "meanResTime" : 1196.5121250000043,
    "medianResTime" : 530.5,
    "minResTime" : 9.0,
    "maxResTime" : 4154.0,
    "pct1ResTime" : 2714.9000000000015,
    "pct2ResTime" : 2940.9500000000007,
    "pct3ResTime" : 3324.0,
    "throughput" : 26.51697832402753,
    "receivedKBytesPerSec" : 45.474910342056596,
    "sentKBytesPerSec" : 11.829048588426666
  },
  "Create CSR" : {
    "transaction" : "Create CSR",
    "sampleCount" : 16000,
    "errorCount" : 0,
    "errorPct" : 0.0,
    "meanResTime" : 75.09456249999963,
    "medianResTime" : 75.0,
    "minResTime" : 9.0,
    "maxResTime" : 132.0,
    "pct1ResTime" : 90.0,
    "pct2ResTime" : 94.0,
    "pct3ResTime" : 103.0,
    "throughput" : 13.26389683341043,
    "receivedKBytesPerSec" : 5.209210900726364,
    "sentKBytesPerSec" : 0.0
  },
  "HTTP Request - enroll" : {
    "transaction" : "HTTP Request - enroll",
    "sampleCount" : 16000,
    "errorCount" : 0,
    "errorPct" : 0.0,
    "meanResTime" : 2317.9296874999955,
    "medianResTime" : 2297.0,
    "minResTime" : 477.0,
    "maxResTime" : 4154.0,
    "pct1ResTime" : 2940.0,
    "pct2ResTime" : 3134.949999999999,
    "pct3ResTime" : 3475.9699999999993,
    "throughput" : 13.262214706967223,
    "receivedKBytesPerSec" : 40.279138212481406,
    "sentKBytesPerSec" : 11.832372470336157
  }
}