{
  "Total" : {
    "transaction" : "Total",
    "sampleCount" : 20000,
    "errorCount" : 0,
    "errorPct" : 0.0,
    "meanResTime" : 96.92279999999964,
    "medianResTime" : 85.0,
    "minResTime" : 8.0,
    "maxResTime" : 618.0,
    "pct1ResTime" : 184.0,
    "pct2ResTime" : 201.0,
    "pct3ResTime" : 237.0,
    "throughput" : 203.25409811075315,
    "receivedKBytesPerSec" : 182.32606173271577,
    "sentKBytesPerSec" : 87.60462028323458
  },
  "Create CSR" : {
    "transaction" : "Create CSR",
    "sampleCount" : 10000,
    "errorCount" : 0,
    "errorPct" : 0.0,
    "meanResTime" : 36.172800000000024,
    "medianResTime" : 35.0,
    "minResTime" : 8.0,
    "maxResTime" : 121.0,
    "pct1ResTime" : 53.0,
    "pct2ResTime" : 59.0,
    "pct3ResTime" : 71.0,
    "throughput" : 101.70249984744625,
    "receivedKBytesPerSec" : 39.8873628923174,
    "sentKBytesPerSec" : 0.0
  },
  "HTTP Request - enroll" : {
    "transaction" : "HTTP Request - enroll",
    "sampleCount" : 10000,
    "errorCount" : 0,
    "errorPct" : 0.0,
    "meanResTime" : 157.6727999999998,
    "medianResTime" : 154.0,
    "minResTime" : 73.0,
    "maxResTime" : 618.0,
    "pct1ResTime" : 201.0,
    "pct2ResTime" : 217.0,
    "pct3ResTime" : 250.0,
    "throughput" : 101.92848697353936,
    "receivedKBytesPerSec" : 142.890868274631,
    "sentKBytesPerSec" : 87.8644660093978
  }
}