{
  "Total" : {
    "transaction" : "Total",
    "sampleCount" : 20000,
    "errorCount" : 0,
    "errorPct" : 0.0,
    "meanResTime" : 14.994200000000067,
    "medianResTime" : 16.0,
    "minResTime" : 8.0,
    "maxResTime" : 220.0,
    "pct1ResTime" : 21.0,
    "pct2ResTime" : 23.0,
    "pct3ResTime" : 31.0,
    "throughput" : 65.05969226765558,
    "receivedKBytesPerSec" : 111.4358769385755,
    "sentKBytesPerSec" : 28.90819416658534
  },
  "Create CSR" : {
    "transaction" : "Create CSR",
    "sampleCount" : 10000,
    "errorCount" : 0,
    "errorPct" : 0.0,
    "meanResTime" : 9.77900000000001,
    "medianResTime" : 9.0,
    "minResTime" : 8.0,
    "maxResTime" : 29.0,
    "pct1ResTime" : 11.0,
    "pct2ResTime" : 12.0,
    "pct3ResTime" : 18.0,
    "throughput" : 32.53196265330687,
    "receivedKBytesPerSec" : 12.70763271007515,
    "sentKBytesPerSec" : 0.0
  },
  "HTTP Request - enroll" : {
    "transaction" : "HTTP Request - enroll",
    "sampleCount" : 10000,
    "errorCount" : 0,
    "errorPct" : 0.0,
    "meanResTime" : 20.209399999999953,
    "medianResTime" : 20.0,
    "minResTime" : 14.0,
    "maxResTime" : 220.0,
    "pct1ResTime" : 23.0,
    "pct2ResTime" : 26.0,
    "pct3ResTime" : 33.0,
    "throughput" : 32.54540898188197,
    "receivedKBytesPerSec" : 98.77630469967912,
    "sentKBytesPerSec" : 28.92202435291591
  }
}