{
  "Total" : {
    "transaction" : "Total",
    "sampleCount" : 20000,
    "errorCount" : 0,
    "errorPct" : 0.0,
    "meanResTime" : 13.67295000000012,
    "medianResTime" : 15.0,
    "minResTime" : 8.0,
    "maxResTime" : 253.0,
    "pct1ResTime" : 18.0,
    "pct2ResTime" : 20.0,
    "pct3ResTime" : 27.0,
    "throughput" : 71.27126556386263,
    "receivedKBytesPerSec" : 122.07497575663358,
    "sentKBytesPerSec" : 31.668134038087366
  },
  "Create CSR" : {
    "transaction" : "Create CSR",
    "sampleCount" : 10000,
    "errorCount" : 0,
    "errorPct" : 0.0,
    "meanResTime" : 9.319900000000017,
    "medianResTime" : 9.0,
    "minResTime" : 8.0,
    "maxResTime" : 31.0,
    "pct1ResTime" : 10.0,
    "pct2ResTime" : 11.0,
    "pct3ResTime" : 15.0,
    "throughput" : 35.63829976799467,
    "receivedKBytesPerSec" : 13.920960265077674,
    "sentKBytesPerSec" : 0.0
  },
  "HTTP Request - enroll" : {
    "transaction" : "HTTP Request - enroll",
    "sampleCount" : 10000,
    "errorCount" : 0,
    "errorPct" : 0.0,
    "meanResTime" : 18.026000000000018,
    "medianResTime" : 17.0,
    "minResTime" : 13.0,
    "maxResTime" : 253.0,
    "pct1ResTime" : 19.0,
    "pct2ResTime" : 22.0,
    "pct3ResTime" : 31.0,
    "throughput" : 35.65519995436134,
    "receivedKBytesPerSec" : 108.21444413320427,
    "sentKBytesPerSec" : 31.68552269631753
  }
}