{
  "Total" : {
    "transaction" : "Total",
    "sampleCount" : 12,
    "errorCount" : 0,
    "errorPct" : 0.0,
    "meanResTime" : 134.33333333333334,
    "medianResTime" : 114.0,
    "minResTime" : 34.0,
    "maxResTime" : 296.0,
    "pct1ResTime" : 296.0,
    "pct2ResTime" : 296.0,
    "pct3ResTime" : 296.0,
    "throughput" : 11.019283746556475,
    "receivedKBytesPerSec" : 38.23748852157943,
    "sentKBytesPerSec" : 7.721031336088155
  },
  "OS Process Sampler" : {
    "transaction" : "OS Process Sampler",
    "sampleCount" : 6,
    "errorCount" : 0,
    "errorPct" : 0.0,
    "meanResTime" : 143.66666666666666,
    "medianResTime" : 125.0,
    "minResTime" : 96.0,
    "maxResTime" : 263.0,
    "pct1ResTime" : 263.0,
    "pct2ResTime" : 263.0,
    "pct3ResTime" : 263.0,
    "throughput" : 5.692599620493358,
    "receivedKBytesPerSec" : 5.158918406072106,
    "sentKBytesPerSec" : 0.0
  },
  "HTTP Request - enroll" : {
    "transaction" : "HTTP Request - enroll",
    "sampleCount" : 6,
    "errorCount" : 0,
    "errorPct" : 0.0,
    "meanResTime" : 124.99999999999999,
    "medianResTime" : 45.0,
    "minResTime" : 34.0,
    "maxResTime" : 296.0,
    "pct1ResTime" : 296.0,
    "pct2ResTime" : 296.0,
    "pct3ResTime" : 296.0,
    "throughput" : 10.101010101010102,
    "receivedKBytesPerSec" : 60.94802188552189,
    "sentKBytesPerSec" : 14.155224116161618
  }
}