{
  "Total" : {
    "transaction" : "Total",
    "sampleCount" : 72,
    "errorCount" : 36,
    "errorPct" : 50.0,
    "meanResTime" : 254.05555555555554,
    "medianResTime" : 383.5,
    "minResTime" : 17.0,
    "maxResTime" : 790.0,
    "pct1ResTime" : 440.0,
    "pct2ResTime" : 590.9999999999986,
    "pct3ResTime" : 790.0,
    "throughput" : 13.538924407672056,
    "receivedKBytesPerSec" : 22.38968773505077,
    "sentKBytesPerSec" : 10.868160022564874
  },
  "HTTP Request - enroll" : {
    "transaction" : "HTTP Request - enroll",
    "sampleCount" : 72,
    "errorCount" : 36,
    "errorPct" : 50.0,
    "meanResTime" : 254.05555555555554,
    "medianResTime" : 383.5,
    "minResTime" : 17.0,
    "maxResTime" : 790.0,
    "pct1ResTime" : 440.0,
    "pct2ResTime" : 590.9999999999986,
    "pct3ResTime" : 790.0,
    "throughput" : 13.538924407672056,
    "receivedKBytesPerSec" : 22.38968773505077,
    "sentKBytesPerSec" : 10.868160022564874
  }
}