{
  "Total" : {
    "transaction" : "Total",
    "sampleCount" : 24000,
    "errorCount" : 0,
    "errorPct" : 0.0,
    "meanResTime" : 844.9019999999983,
    "medianResTime" : 187.5,
    "minResTime" : 27.0,
    "maxResTime" : 9312.0,
    "pct1ResTime" : 2276.0,
    "pct2ResTime" : 2852.0,
    "pct3ResTime" : 4313.850000000024,
    "throughput" : 28.01682877515094,
    "receivedKBytesPerSec" : 120.87556848991044,
    "sentKBytesPerSec" : 24.360824141284198
  },
  "Create CSR" : {
    "transaction" : "Create CSR",
    "sampleCount" : 12000,
    "errorCount" : 0,
    "errorPct" : 0.0,
    "meanResTime" : 1641.6329999999984,
    "medianResTime" : 1427.0,
    "minResTime" : 183.0,
    "maxResTime" : 9312.0,
    "pct1ResTime" : 2819.8999999999996,
    "pct2ResTime" : 3441.949999999999,
    "pct3ResTime" : 4782.909999999998,
    "throughput" : 14.008888639841981,
    "receivedKBytesPerSec" : 17.38114552433519,
    "sentKBytesPerSec" : 0.0
  },
  "HTTP Request - enroll" : {
    "transaction" : "HTTP Request - enroll",
    "sampleCount" : 12000,
    "errorCount" : 0,
    "errorPct" : 0.0,
    "meanResTime" : 48.17099999999993,
    "medianResTime" : 43.0,
    "minResTime" : 27.0,
    "maxResTime" : 1623.0,
    "pct1ResTime" : 55.0,
    "pct2ResTime" : 67.0,
    "pct3ResTime" : 114.98999999999978,
    "throughput" : 14.021574529342482,
    "receivedKBytesPerSec" : 103.59223930314528,
    "sentKBytesPerSec" : 24.383709807740846
  }
}