{
  "Total" : {
    "transaction" : "Total",
    "sampleCount" : 24000,
    "errorCount" : 3,
    "errorPct" : 0.0125,
    "meanResTime" : 876.0557083333327,
    "medianResTime" : 161.0,
    "minResTime" : 26.0,
    "maxResTime" : 10494.0,
    "pct1ResTime" : 2373.9000000000015,
    "pct2ResTime" : 2993.9500000000007,
    "pct3ResTime" : 4450.94000000001,
    "throughput" : 26.759880249535886,
    "receivedKBytesPerSec" : 115.42869227984423,
    "sentKBytesPerSec" : 23.267898805840343
  },
  "Create CSR" : {
    "transaction" : "Create CSR",
    "sampleCount" : 12000,
    "errorCount" : 0,
    "errorPct" : 0.0,
    "meanResTime" : 1697.5744166666595,
    "medianResTime" : 1467.0,
    "minResTime" : 128.0,
    "maxResTime" : 10494.0,
    "pct1ResTime" : 2970.0,
    "pct2ResTime" : 3571.8499999999967,
    "pct3ResTime" : 5041.879999999997,
    "throughput" : 13.380432455576964,
    "receivedKBytesPerSec" : 16.60140569805716,
    "sentKBytesPerSec" : 0.0
  },
  "HTTP Request - enroll" : {
    "transaction" : "HTTP Request - enroll",
    "sampleCount" : 12000,
    "errorCount" : 3,
    "errorPct" : 0.025,
    "meanResTime" : 54.53700000000012,
    "medianResTime" : 45.0,
    "minResTime" : 26.0,
    "maxResTime" : 3833.0,
    "pct1ResTime" : 57.0,
    "pct2ResTime" : 66.0,
    "pct3ResTime" : 101.0,
    "throughput" : 13.39403809041199,
    "receivedKBytesPerSec" : 98.9320288580829,
    "sentKBytesPerSec" : 23.292415360840966
  }
}