{
  "Total" : {
    "transaction" : "Total",
    "sampleCount" : 153600,
    "errorCount" : 124,
    "errorPct" : 0.080729164,
    "meanResTime" : 66.07063151041676,
    "medianResTime" : 52.0,
    "minResTime" : 8.0,
    "maxResTime" : 5272.0,
    "pct1ResTime" : 88.0,
    "pct2ResTime" : 97.0,
    "pct3ResTime" : 115.0,
    "throughput" : 359.99212517226186,
    "receivedKBytesPerSec" : 616.443961577403,
    "sentKBytesPerSec" : 160.50355685578754
  },
  "Create CSR" : {
    "transaction" : "Create CSR",
    "sampleCount" : 76800,
    "errorCount" : 0,
    "errorPct" : 0.0,
    "meanResTime" : 27.66246093749994,
    "medianResTime" : 26.0,
    "minResTime" : 8.0,
    "maxResTime" : 143.0,
    "pct1ResTime" : 46.0,
    "pct2ResTime" : 56.0,
    "pct3ResTime" : 81.9900000000016,
    "throughput" : 180.00829725745172,
    "receivedKBytesPerSec" : 70.6421599706549,
    "sentKBytesPerSec" : 0.0
  },
  "HTTP Request - enroll" : {
    "transaction" : "HTTP Request - enroll",
    "sampleCount" : 76800,
    "errorCount" : 124,
    "errorPct" : 0.16145833,
    "meanResTime" : 104.4788020833345,
    "medianResTime" : 69.0,
    "minResTime" : 17.0,
    "maxResTime" : 5272.0,
    "pct1ResTime" : 92.0,
    "pct2ResTime" : 100.0,
    "pct3ResTime" : 121.0,
    "throughput" : 180.14341104363552,
    "receivedKBytesPerSec" : 546.2534114072062,
    "sentKBytesPerSec" : 160.63494834950637
  }
}