{
  "Total" : {
    "transaction" : "Total",
    "sampleCount" : 320,
    "errorCount" : 0,
    "errorPct" : 0.0,
    "meanResTime" : 146.15937500000007,
    "medianResTime" : 150.5,
    "minResTime" : 8.0,
    "maxResTime" : 477.0,
    "pct1ResTime" : 283.0,
    "pct2ResTime" : 285.0,
    "pct3ResTime" : 303.43000000000035,
    "throughput" : 6.777220069042929,
    "receivedKBytesPerSec" : 11.608243753573925,
    "sentKBytesPerSec" : 3.011279703284834
  },
  "Create CSR" : {
    "transaction" : "Create CSR",
    "sampleCount" : 160,
    "errorCount" : 0,
    "errorPct" : 0.0,
    "meanResTime" : 9.874999999999998,
    "medianResTime" : 10.0,
    "minResTime" : 8.0,
    "maxResTime" : 26.0,
    "pct1ResTime" : 10.0,
    "pct2ResTime" : 11.0,
    "pct3ResTime" : 16.849999999999795,
    "throughput" : 3.40882459466945,
    "receivedKBytesPerSec" : 1.3314888840360484,
    "sentKBytesPerSec" : 0.0
  },
  "HTTP Request - enroll" : {
    "transaction" : "HTTP Request - enroll",
    "sampleCount" : 160,
    "errorCount" : 0,
    "errorPct" : 0.0,
    "meanResTime" : 282.44374999999997,
    "medianResTime" : 280.0,
    "minResTime" : 275.0,
    "maxResTime" : 477.0,
    "pct1ResTime" : 285.0,
    "pct2ResTime" : 286.0,
    "pct3ResTime" : 425.14999999999884,
    "throughput" : 3.3979654681759297,
    "receivedKBytesPerSec" : 10.313045034988425,
    "sentKBytesPerSec" : 3.019593385647843
  }
}