{
  "Total" : {
    "transaction" : "Total",
    "sampleCount" : 20000,
    "errorCount" : 0,
    "errorPct" : 0.0,
    "meanResTime" : 14.535500000000036,
    "medianResTime" : 16.0,
    "minResTime" : 7.0,
    "maxResTime" : 932.0,
    "pct1ResTime" : 21.0,
    "pct2ResTime" : 22.0,
    "pct3ResTime" : 27.0,
    "throughput" : 67.11274269645577,
    "receivedKBytesPerSec" : 114.95214428883145,
    "sentKBytesPerSec" : 29.820354393032357
  },
  "Create CSR" : {
    "transaction" : "Create CSR",
    "sampleCount" : 10000,
    "errorCount" : 0,
    "errorPct" : 0.0,
    "meanResTime" : 9.064899999999989,
    "medianResTime" : 9.0,
    "minResTime" : 7.0,
    "maxResTime" : 30.0,
    "pct1ResTime" : 10.0,
    "pct2ResTime" : 11.0,
    "pct3ResTime" : 14.0,
    "throughput" : 33.558736177995534,
    "receivedKBytesPerSec" : 13.108632250784435,
    "sentKBytesPerSec" : 0.0
  },
  "HTTP Request - enroll" : {
    "transaction" : "HTTP Request - enroll",
    "sampleCount" : 10000,
    "errorCount" : 0,
    "errorPct" : 0.0,
    "meanResTime" : 20.006099999999982,
    "medianResTime" : 19.0,
    "minResTime" : 14.0,
    "maxResTime" : 932.0,
    "pct1ResTime" : 22.0,
    "pct2ResTime" : 24.0,
    "pct3ResTime" : 31.0,
    "throughput" : 33.57462295698419,
    "receivedKBytesPerSec" : 101.89982987633627,
    "sentKBytesPerSec" : 29.83657394894643
  }
}