{
  "Total" : {
    "transaction" : "Total",
    "sampleCount" : 12,
    "errorCount" : 6,
    "errorPct" : 50.0,
    "meanResTime" : 1807.4166666666667,
    "medianResTime" : 191.0,
    "minResTime" : 3.0,
    "maxResTime" : 6999.0,
    "pct1ResTime" : 6986.1,
    "pct2ResTime" : 6999.0,
    "pct3ResTime" : 6999.0,
    "throughput" : 1.5406342277570932,
    "receivedKBytesPerSec" : 0.8741293811785852,
    "sentKBytesPerSec" : 1.0779926017460522
  },
  "OS Process Sampler" : {
    "transaction" : "OS Process Sampler",
    "sampleCount" : 6,
    "errorCount" : 0,
    "errorPct" : 0.0,
    "meanResTime" : 192.5,
    "medianResTime" : 191.0,
    "minResTime" : 93.0,
    "maxResTime" : 318.0,
    "pct1ResTime" : 318.0,
    "pct2ResTime" : 318.0,
    "pct3ResTime" : 318.0,
    "throughput" : 0.7707129094412332,
    "receivedKBytesPerSec" : 0.6984585741811176,
    "sentKBytesPerSec" : 0.0
  },
  "HTTP Request - enroll" : {
    "transaction" : "HTTP Request - enroll",
    "sampleCount" : 6,
    "errorCount" : 6,
    "errorPct" : 100.0,
    "meanResTime" : 3422.333333333333,
    "medianResTime" : 3286.0,
    "minResTime" : 3.0,
    "maxResTime" : 6999.0,
    "pct1ResTime" : 6999.0,
    "pct2ResTime" : 6999.0,
    "pct3ResTime" : 6999.0,
    "throughput" : 0.819448238186288,
    "receivedKBytesPerSec" : 0.18725672630428844,
    "sentKBytesPerSec" : 1.1467473880087409
  }
}