{
  "Total" : {
    "transaction" : "Total",
    "sampleCount" : 20000,
    "errorCount" : 0,
    "errorPct" : 0.0,
    "meanResTime" : 14.08810000000007,
    "medianResTime" : 16.0,
    "minResTime" : 6.0,
    "maxResTime" : 210.0,
    "pct1ResTime" : 20.0,
    "pct2ResTime" : 23.0,
    "pct3ResTime" : 31.0,
    "throughput" : 69.08964035387714,
    "receivedKBytesPerSec" : 105.24967039383687,
    "sentKBytesPerSec" : 27.73031463422217
  },
  "Create CSR" : {
    "transaction" : "Create CSR",
    "sampleCount" : 10000,
    "errorCount" : 0,
    "errorPct" : 0.0,
    "meanResTime" : 8.899700000000001,
    "medianResTime" : 8.0,
    "minResTime" : 6.0,
    "maxResTime" : 28.0,
    "pct1ResTime" : 10.899999999999636,
    "pct2ResTime" : 12.0,
    "pct3ResTime" : 19.0,
    "throughput" : 34.54696833079413,
    "receivedKBytesPerSec" : 10.795927603373165,
    "sentKBytesPerSec" : 0.0
  },
  "HTTP Request - enroll" : {
    "transaction" : "HTTP Request - enroll",
    "sampleCount" : 10000,
    "errorCount" : 0,
    "errorPct" : 0.0,
    "meanResTime" : 19.276499999999885,
    "medianResTime" : 18.0,
    "minResTime" : 14.0,
    "maxResTime" : 210.0,
    "pct1ResTime" : 22.0,
    "pct2ResTime" : 26.0,
    "pct3ResTime" : 34.0,
    "throughput" : 34.56201289163081,
    "receivedKBytesPerSec" : 94.50142338789811,
    "sentKBytesPerSec" : 27.7441158173052
  }
}