{
  "Total" : {
    "transaction" : "Total",
    "sampleCount" : 3000,
    "errorCount" : 0,
    "errorPct" : 0.0,
    "meanResTime" : 225.92433333333318,
    "medianResTime" : 214.0,
    "minResTime" : 11.0,
    "maxResTime" : 2504.0,
    "pct1ResTime" : 447.0,
    "pct2ResTime" : 494.9499999999998,
    "pct3ResTime" : 603.9499999999989,
    "throughput" : 13.175346292018375,
    "receivedKBytesPerSec" : 20.148076653341267,
    "sentKBytesPerSec" : 5.301018234679268
  },
  "OS Process Sampler" : {
    "transaction" : "OS Process Sampler",
    "sampleCount" : 1500,
    "errorCount" : 0,
    "errorPct" : 0.0,
    "meanResTime" : 23.969333333333317,
    "medianResTime" : 20.0,
    "minResTime" : 11.0,
    "maxResTime" : 98.0,
    "pct1ResTime" : 39.0,
    "pct2ResTime" : 50.0,
    "pct3ResTime" : 69.99000000000001,
    "throughput" : 6.59819209536587,
    "receivedKBytesPerSec" : 2.0619350298018344,
    "sentKBytesPerSec" : 0.0
  },
  "HTTP Request - enroll" : {
    "transaction" : "HTTP Request - enroll",
    "sampleCount" : 1500,
    "errorCount" : 0,
    "errorPct" : 0.0,
    "meanResTime" : 427.87933333333353,
    "medianResTime" : 408.0,
    "minResTime" : 330.0,
    "maxResTime" : 2504.0,
    "pct1ResTime" : 494.9000000000001,
    "pct2ResTime" : 537.0,
    "pct3ResTime" : 688.98,
    "throughput" : 6.617374578693818,
    "receivedKBytesPerSec" : 18.170987479100127,
    "sentKBytesPerSec" : 5.324918606292682
  }
}