{
  "Total" : {
    "transaction" : "Total",
    "sampleCount" : 6000,
    "errorCount" : 0,
    "errorPct" : 0.0,
    "meanResTime" : 22.122666666666774,
    "medianResTime" : 24.0,
    "minResTime" : 8.0,
    "maxResTime" : 310.0,
    "pct1ResTime" : 34.0,
    "pct2ResTime" : 38.0,
    "pct3ResTime" : 61.98999999999978,
    "throughput" : 259.4370216629913,
    "receivedKBytesPerSec" : 230.02056241081854,
    "sentKBytesPerSec" : 110.20854277467895
  },
  "Create CSR" : {
    "transaction" : "Create CSR",
    "sampleCount" : 3000,
    "errorCount" : 0,
    "errorPct" : 0.0,
    "meanResTime" : 10.380666666666654,
    "medianResTime" : 10.0,
    "minResTime" : 8.0,
    "maxResTime" : 31.0,
    "pct1ResTime" : 12.0,
    "pct2ResTime" : 13.0,
    "pct3ResTime" : 18.0,
    "throughput" : 129.92637505413597,
    "receivedKBytesPerSec" : 50.750967680814206,
    "sentKBytesPerSec" : 0.0
  },
  "HTTP Request - enroll" : {
    "transaction" : "HTTP Request - enroll",
    "sampleCount" : 3000,
    "errorCount" : 0,
    "errorPct" : 0.0,
    "meanResTime" : 33.86466666666673,
    "medianResTime" : 31.0,
    "minResTime" : 23.0,
    "maxResTime" : 310.0,
    "pct1ResTime" : 38.0,
    "pct2ResTime" : 50.0,
    "pct3ResTime" : 75.0,
    "throughput" : 130.94718463553033,
    "receivedKBytesPerSec" : 181.04957237560018,
    "sentKBytesPerSec" : 111.25242115888258
  }
}