{
  "Total" : {
    "transaction" : "Total",
    "sampleCount" : 12,
    "errorCount" : 6,
    "errorPct" : 50.0,
    "meanResTime" : 63.166666666666664,
    "medianResTime" : 9.0,
    "minResTime" : 5.0,
    "maxResTime" : 313.0,
    "pct1ResTime" : 310.90000000000003,
    "pct2ResTime" : 313.0,
    "pct3ResTime" : 313.0,
    "throughput" : 15.727391874180864,
    "receivedKBytesPerSec" : 4.03168004587156,
    "sentKBytesPerSec" : 3.9651253276539973
  },
  "OS Process Sampler" : {
    "transaction" : "OS Process Sampler",
    "sampleCount" : 6,
    "errorCount" : 0,
    "errorPct" : 0.0,
    "meanResTime" : 8.666666666666668,
    "medianResTime" : 9.0,
    "minResTime" : 8.0,
    "maxResTime" : 9.0,
    "pct1ResTime" : 9.0,
    "pct2ResTime" : 9.0,
    "pct3ResTime" : 9.0,
    "throughput" : 7.926023778071334,
    "receivedKBytesPerSec" : 2.476882430647292,
    "sentKBytesPerSec" : 0.0
  },
  "HTTP Request - enroll" : {
    "transaction" : "HTTP Request - enroll",
    "sampleCount" : 6,
    "errorCount" : 6,
    "errorPct" : 100.0,
    "meanResTime" : 117.66666666666666,
    "medianResTime" : 38.5,
    "minResTime" : 5.0,
    "maxResTime" : 313.0,
    "pct1ResTime" : 313.0,
    "pct2ResTime" : 313.0,
    "pct3ResTime" : 313.0,
    "throughput" : 17.29106628242075,
    "receivedKBytesPerSec" : 3.4615904178674355,
    "sentKBytesPerSec" : 8.718704971181557
  }
}