{
  "Total" : {
    "transaction" : "Total",
    "sampleCount" : 20000,
    "errorCount" : 0,
    "errorPct" : 0.0,
    "meanResTime" : 12.061449999999974,
    "medianResTime" : 13.0,
    "minResTime" : 6.0,
    "maxResTime" : 210.0,
    "pct1ResTime" : 17.0,
    "pct2ResTime" : 18.0,
    "pct3ResTime" : 25.0,
    "throughput" : 80.4540828435691,
    "receivedKBytesPerSec" : 122.56184451921646,
    "sentKBytesPerSec" : 32.291628953815334
  },
  "Create CSR" : {
    "transaction" : "Create CSR",
    "sampleCount" : 10000,
    "errorCount" : 0,
    "errorPct" : 0.0,
    "meanResTime" : 7.970100000000051,
    "medianResTime" : 8.0,
    "minResTime" : 6.0,
    "maxResTime" : 26.0,
    "pct1ResTime" : 9.0,
    "pct2ResTime" : 10.0,
    "pct3ResTime" : 14.0,
    "throughput" : 40.22963073221951,
    "receivedKBytesPerSec" : 12.571759603818597,
    "sentKBytesPerSec" : 0.0
  },
  "HTTP Request - enroll" : {
    "transaction" : "HTTP Request - enroll",
    "sampleCount" : 10000,
    "errorCount" : 0,
    "errorPct" : 0.0,
    "meanResTime" : 16.1528,
    "medianResTime" : 16.0,
    "minResTime" : 12.0,
    "maxResTime" : 210.0,
    "pct1ResTime" : 18.0,
    "pct2ResTime" : 20.0,
    "pct3ResTime" : 28.0,
    "throughput" : 40.25392173832536,
    "receivedKBytesPerSec" : 110.06439165128631,
    "sentKBytesPerSec" : 32.313206707913515
  }
}