{
  "Total" : {
    "transaction" : "Total",
    "sampleCount" : 153600,
    "errorCount" : 0,
    "errorPct" : 0.0,
    "meanResTime" : 52.37909505208356,
    "medianResTime" : 55.0,
    "minResTime" : 7.0,
    "maxResTime" : 672.0,
    "pct1ResTime" : 114.0,
    "pct2ResTime" : 124.0,
    "pct3ResTime" : 142.0,
    "throughput" : 452.83686375093976,
    "receivedKBytesPerSec" : 690.3937453244079,
    "sentKBytesPerSec" : 182.58302746207934
  },
  "Create CSR" : {
    "transaction" : "Create CSR",
    "sampleCount" : 76800,
    "errorCount" : 0,
    "errorPct" : 0.0,
    "meanResTime" : 22.349296875000075,
    "medianResTime" : 21.0,
    "minResTime" : 7.0,
    "maxResTime" : 113.0,
    "pct1ResTime" : 37.0,
    "pct2ResTime" : 43.0,
    "pct3ResTime" : 56.0,
    "throughput" : 226.4344534173028,
    "receivedKBytesPerSec" : 71.31358518269546,
    "sentKBytesPerSec" : 0.0
  },
  "HTTP Request - enroll" : {
    "transaction" : "HTTP Request - enroll",
    "sampleCount" : 76800,
    "errorCount" : 0,
    "errorPct" : 0.0,
    "meanResTime" : 82.40889322916637,
    "medianResTime" : 95.0,
    "minResTime" : 23.0,
    "maxResTime" : 672.0,
    "pct1ResTime" : 122.0,
    "pct2ResTime" : 130.0,
    "pct3ResTime" : 147.0,
    "throughput" : 226.63090147752723,
    "receivedKBytesPerSec" : 619.6661515691903,
    "sentKBytesPerSec" : 182.75436220221496
  }
}