{
  "Total" : {
    "transaction" : "Total",
    "sampleCount" : 12,
    "errorCount" : 6,
    "errorPct" : 50.0,
    "meanResTime" : 42.50000000000001,
    "medianResTime" : 9.5,
    "minResTime" : 1.0,
    "maxResTime" : 209.0,
    "pct1ResTime" : 209.0,
    "pct2ResTime" : 209.0,
    "pct3ResTime" : 209.0,
    "throughput" : 16.34877384196185,
    "receivedKBytesPerSec" : 4.182987057220709,
    "sentKBytesPerSec" : 6.57782697547684
  },
  "OS Process Sampler" : {
    "transaction" : "OS Process Sampler",
    "sampleCount" : 6,
    "errorCount" : 0,
    "errorPct" : 0.0,
    "meanResTime" : 11.833333333333334,
    "medianResTime" : 9.5,
    "minResTime" : 8.0,
    "maxResTime" : 26.0,
    "pct1ResTime" : 26.0,
    "pct2ResTime" : 26.0,
    "pct3ResTime" : 26.0,
    "throughput" : 8.196721311475411,
    "receivedKBytesPerSec" : 2.5614754098360657,
    "sentKBytesPerSec" : 0.0
  },
  "HTTP Request - enroll" : {
    "transaction" : "HTTP Request - enroll",
    "sampleCount" : 6,
    "errorCount" : 6,
    "errorPct" : 100.0,
    "meanResTime" : 73.16666666666666,
    "medianResTime" : 9.0,
    "minResTime" : 1.0,
    "maxResTime" : 209.0,
    "pct1ResTime" : 209.0,
    "pct2ResTime" : 209.0,
    "pct3ResTime" : 209.0,
    "throughput" : 16.80672268907563,
    "receivedKBytesPerSec" : 3.348214285714286,
    "sentKBytesPerSec" : 13.524159663865547
  }
}