{
  "Total" : {
    "transaction" : "Total",
    "sampleCount" : 50,
    "errorCount" : 35,
    "errorPct" : 70.0,
    "meanResTime" : 233.47999999999996,
    "medianResTime" : 54.0,
    "minResTime" : 31.0,
    "maxResTime" : 845.0,
    "pct1ResTime" : 602.0,
    "pct2ResTime" : 843.0,
    "pct3ResTime" : 845.0,
    "throughput" : 21.079258010118046,
    "receivedKBytesPerSec" : 25.750454521500846,
    "sentKBytesPerSec" : 16.925162046795954
  },
  "HTTP Request - enroll" : {
    "transaction" : "HTTP Request - enroll",
    "sampleCount" : 50,
    "errorCount" : 35,
    "errorPct" : 70.0,
    "meanResTime" : 233.47999999999996,
    "medianResTime" : 54.0,
    "minResTime" : 31.0,
    "maxResTime" : 845.0,
    "pct1ResTime" : 602.0,
    "pct2ResTime" : 843.0,
    "pct3ResTime" : 845.0,
    "throughput" : 21.079258010118046,
    "receivedKBytesPerSec" : 25.750454521500846,
    "sentKBytesPerSec" : 16.925162046795954
  }
}