{
  "Total" : {
    "transaction" : "Total",
    "sampleCount" : 200,
    "errorCount" : 51,
    "errorPct" : 25.5,
    "meanResTime" : 33.72499999999999,
    "medianResTime" : 19.0,
    "minResTime" : 1.0,
    "maxResTime" : 357.0,
    "pct1ResTime" : 45.900000000000006,
    "pct2ResTime" : 70.59999999999991,
    "pct3ResTime" : 348.9200000000001,
    "throughput" : 183.15018315018312,
    "receivedKBytesPerSec" : 167.40177140567764,
    "sentKBytesPerSec" : 79.63902959020146
  },
  "Create CSR" : {
    "transaction" : "Create CSR",
    "sampleCount" : 100,
    "errorCount" : 0,
    "errorPct" : 0.0,
    "meanResTime" : 21.570000000000007,
    "medianResTime" : 18.0,
    "minResTime" : 9.0,
    "maxResTime" : 63.0,
    "pct1ResTime" : 38.900000000000006,
    "pct2ResTime" : 43.94999999999999,
    "pct3ResTime" : 62.91999999999996,
    "throughput" : 93.37068160597572,
    "receivedKBytesPerSec" : 35.775377859477125,
    "sentKBytesPerSec" : 0.0
  },
  "HTTP Request - enroll" : {
    "transaction" : "HTTP Request - enroll",
    "sampleCount" : 100,
    "errorCount" : 51,
    "errorPct" : 51.0,
    "meanResTime" : 45.879999999999995,
    "medianResTime" : 31.0,
    "minResTime" : 1.0,
    "maxResTime" : 357.0,
    "pct1ResTime" : 70.00000000000006,
    "pct2ResTime" : 311.9,
    "pct3ResTime" : 356.91999999999996,
    "throughput" : 127.7139208173691,
    "receivedKBytesPerSec" : 184.53040189974456,
    "sentKBytesPerSec" : 111.06745889208173
  }
}