{
  "Total" : {
    "transaction" : "Total",
    "sampleCount" : 32000,
    "errorCount" : 0,
    "errorPct" : 0.0,
    "meanResTime" : 1237.4035937500005,
    "medianResTime" : 613.5,
    "minResTime" : 9.0,
    "maxResTime" : 4405.0,
    "pct1ResTime" : 2812.0,
    "pct2ResTime" : 3048.9500000000007,
    "pct3ResTime" : 3452.0,
    "throughput" : 25.660126809139175,
    "receivedKBytesPerSec" : 44.005550524739576,
    "sentKBytesPerSec" : 11.446712561874985
  },
  "Create CSR" : {
    "transaction" : "Create CSR",
    "sampleCount" : 16000,
    "errorCount" : 0,
    "errorPct" : 0.0,
    "meanResTime" : 75.42643749999992,
    "medianResTime" : 76.0,
    "minResTime" : 9.0,
    "maxResTime" : 180.0,
    "pct1ResTime" : 90.0,
    "pct2ResTime" : 94.0,
    "pct3ResTime" : 103.0,
    "throughput" : 12.83526102909914,
    "receivedKBytesPerSec" : 5.040769878008866,
    "sentKBytesPerSec" : 0.0
  },
  "HTTP Request - enroll" : {
    "transaction" : "HTTP Request - enroll",
    "sampleCount" : 16000,
    "errorCount" : 0,
    "errorPct" : 0.0,
    "meanResTime" : 2399.3807499999966,
    "medianResTime" : 2379.0,
    "minResTime" : 496.0,
    "maxResTime" : 4405.0,
    "pct1ResTime" : 3042.8999999999996,
    "pct2ResTime" : 3238.949999999999,
    "pct3ResTime" : 3615.99,
    "throughput" : 12.833346166679501,
    "receivedKBytesPerSec" : 38.97679214044774,
    "sentKBytesPerSec" : 11.449641373143978
  }
}