{
  "Total" : {
    "transaction" : "Total",
    "sampleCount" : 20000,
    "errorCount" : 0,
    "errorPct" : 0.0,
    "meanResTime" : 14.992549999999998,
    "medianResTime" : 17.0,
    "minResTime" : 8.0,
    "maxResTime" : 199.0,
    "pct1ResTime" : 21.0,
    "pct2ResTime" : 23.0,
    "pct3ResTime" : 30.0,
    "throughput" : 65.01844898489946,
    "receivedKBytesPerSec" : 111.36500582626257,
    "sentKBytesPerSec" : 28.889716011605792
  },
  "Create CSR" : {
    "transaction" : "Create CSR",
    "sampleCount" : 10000,
    "errorCount" : 0,
    "errorPct" : 0.0,
    "meanResTime" : 9.772900000000025,
    "medianResTime" : 9.0,
    "minResTime" : 8.0,
    "maxResTime" : 32.0,
    "pct1ResTime" : 11.0,
    "pct2ResTime" : 12.0,
    "pct3ResTime" : 19.0,
    "throughput" : 32.51144402829796,
    "receivedKBytesPerSec" : 12.699465328983303,
    "sentKBytesPerSec" : 0.0
  },
  "HTTP Request - enroll" : {
    "transaction" : "HTTP Request - enroll",
    "sampleCount" : 10000,
    "errorCount" : 0,
    "errorPct" : 0.0,
    "meanResTime" : 20.212200000000003,
    "medianResTime" : 19.0,
    "minResTime" : 15.0,
    "maxResTime" : 199.0,
    "pct1ResTime" : 22.0,
    "pct2ResTime" : 26.0,
    "pct3ResTime" : 34.0,
    "throughput" : 32.52402712503862,
    "receivedKBytesPerSec" : 98.71133388658059,
    "sentKBytesPerSec" : 28.90287055030654
  }
}