{
  "Total" : {
    "transaction" : "Total",
    "sampleCount" : 30,
    "errorCount" : 0,
    "errorPct" : 0.0,
    "meanResTime" : 6758.433333333334,
    "medianResTime" : 6765.0,
    "minResTime" : 11.0,
    "maxResTime" : 13504.0,
    "pct1ResTime" : 13500.0,
    "pct2ResTime" : 13501.8,
    "pct3ResTime" : 13504.0,
    "throughput" : 2.1691973969631237,
    "receivedKBytesPerSec" : 3.306260733007954,
    "sentKBytesPerSec" : 0.8731866865509761
  },
  "Create CSR" : {
    "transaction" : "Create CSR",
    "sampleCount" : 15,
    "errorCount" : 0,
    "errorPct" : 0.0,
    "meanResTime" : 36.800000000000004,
    "medianResTime" : 24.0,
    "minResTime" : 11.0,
    "maxResTime" : 84.0,
    "pct1ResTime" : 77.4,
    "pct2ResTime" : 84.0,
    "pct3ResTime" : 84.0,
    "throughput" : 95.54140127388536,
    "receivedKBytesPerSec" : 30.005971337579616,
    "sentKBytesPerSec" : 0.0
  },
  "HTTP Request - enroll" : {
    "transaction" : "HTTP Request - enroll",
    "sampleCount" : 15,
    "errorCount" : 0,
    "errorPct" : 0.0,
    "meanResTime" : 13480.066666666668,
    "medianResTime" : 13476.0,
    "minResTime" : 13446.0,
    "maxResTime" : 13504.0,
    "pct1ResTime" : 13501.6,
    "pct2ResTime" : 13504.0,
    "pct3ResTime" : 13504.0,
    "throughput" : 1.1106997408367272,
    "receivedKBytesPerSec" : 3.0369972926693816,
    "sentKBytesPerSec" : 0.8942000647908181
  }
}