{
  "Total" : {
    "transaction" : "Total",
    "sampleCount" : 153600,
    "errorCount" : 80,
    "errorPct" : 0.052083332,
    "meanResTime" : 70.83729817708333,
    "medianResTime" : 60.0,
    "minResTime" : 7.0,
    "maxResTime" : 7595.0,
    "pct1ResTime" : 105.0,
    "pct2ResTime" : 114.0,
    "pct3ResTime" : 132.0,
    "throughput" : 447.15506324507646,
    "receivedKBytesPerSec" : 681.2617555375832,
    "sentKBytesPerSec" : 180.41495029184438
  },
  "Create CSR" : {
    "transaction" : "Create CSR",
    "sampleCount" : 76800,
    "errorCount" : 0,
    "errorPct" : 0.0,
    "meanResTime" : 31.40957031249975,
    "medianResTime" : 31.0,
    "minResTime" : 7.0,
    "maxResTime" : 198.0,
    "pct1ResTime" : 66.0,
    "pct2ResTime" : 81.0,
    "pct3ResTime" : 111.0,
    "throughput" : 223.59836144325755,
    "receivedKBytesPerSec" : 70.50226655370291,
    "sentKBytesPerSec" : 0.0
  },
  "HTTP Request - enroll" : {
    "transaction" : "HTTP Request - enroll",
    "sampleCount" : 76800,
    "errorCount" : 80,
    "errorPct" : 0.104166664,
    "meanResTime" : 110.26502604166778,
    "medianResTime" : 87.0,
    "minResTime" : 26.0,
    "maxResTime" : 7595.0,
    "pct1ResTime" : 114.0,
    "pct2ResTime" : 121.0,
    "pct3ResTime" : 138.0,
    "throughput" : 223.79252567931812,
    "receivedKBytesPerSec" : 611.3533746220951,
    "sentKBytesPerSec" : 180.5884388431558
  }
}