{
  "Total" : {
    "transaction" : "Total",
    "sampleCount" : 20000,
    "errorCount" : 0,
    "errorPct" : 0.0,
    "meanResTime" : 13.29635000000004,
    "medianResTime" : 15.0,
    "minResTime" : 8.0,
    "maxResTime" : 233.0,
    "pct1ResTime" : 17.0,
    "pct2ResTime" : 18.0,
    "pct3ResTime" : 25.0,
    "throughput" : 73.19010030703248,
    "receivedKBytesPerSec" : 125.36169060897822,
    "sentKBytesPerSec" : 32.520648757049116
  },
  "Create CSR" : {
    "transaction" : "Create CSR",
    "sampleCount" : 10000,
    "errorCount" : 0,
    "errorPct" : 0.0,
    "meanResTime" : 9.427599999999988,
    "medianResTime" : 9.0,
    "minResTime" : 8.0,
    "maxResTime" : 33.0,
    "pct1ResTime" : 10.0,
    "pct2ResTime" : 10.0,
    "pct3ResTime" : 15.0,
    "throughput" : 36.59732693124094,
    "receivedKBytesPerSec" : 14.295487732576012,
    "sentKBytesPerSec" : 0.0
  },
  "HTTP Request - enroll" : {
    "transaction" : "HTTP Request - enroll",
    "sampleCount" : 10000,
    "errorCount" : 0,
    "errorPct" : 0.0,
    "meanResTime" : 17.16509999999992,
    "medianResTime" : 17.0,
    "minResTime" : 14.0,
    "maxResTime" : 233.0,
    "pct1ResTime" : 18.0,
    "pct2ResTime" : 20.0,
    "pct3ResTime" : 27.0,
    "throughput" : 36.61447882950834,
    "receivedKBytesPerSec" : 111.12605884495966,
    "sentKBytesPerSec" : 32.537914292827956
  }
}