{
  "Total" : {
    "transaction" : "Total",
    "sampleCount" : 160,
    "errorCount" : 0,
    "errorPct" : 0.0,
    "meanResTime" : 1643.0062499999995,
    "medianResTime" : 1561.5,
    "minResTime" : 420.0,
    "maxResTime" : 2850.0,
    "pct1ResTime" : 2520.9,
    "pct2ResTime" : 2679.7499999999995,
    "pct3ResTime" : 2839.6299999999997,
    "throughput" : 18.329705579104136,
    "receivedKBytesPerSec" : 50.118163055619206,
    "sentKBytesPerSec" : 14.739616150189027
  },
  "HTTP Request - enroll" : {
    "transaction" : "HTTP Request - enroll",
    "sampleCount" : 160,
    "errorCount" : 0,
    "errorPct" : 0.0,
    "meanResTime" : 1643.0062499999995,
    "medianResTime" : 1561.5,
    "minResTime" : 420.0,
    "maxResTime" : 2850.0,
    "pct1ResTime" : 2520.9,
    "pct2ResTime" : 2679.7499999999995,
    "pct3ResTime" : 2839.6299999999997,
    "throughput" : 18.329705579104136,
    "receivedKBytesPerSec" : 50.118163055619206,
    "sentKBytesPerSec" : 14.739616150189027
  }
}