{
  "Total" : {
    "transaction" : "Total",
    "sampleCount" : 32000,
    "errorCount" : 72,
    "errorPct" : 0.225,
    "meanResTime" : 1258.5782499999893,
    "medianResTime" : 202.5,
    "minResTime" : 27.0,
    "maxResTime" : 14788.0,
    "pct1ResTime" : 3302.7000000000044,
    "pct2ResTime" : 4237.950000000001,
    "pct3ResTime" : 6179.0,
    "throughput" : 24.971789681344358,
    "receivedKBytesPerSec" : 107.34390140976484,
    "sentKBytesPerSec" : 21.720000540405138
  },
  "Create CSR" : {
    "transaction" : "Create CSR",
    "sampleCount" : 16000,
    "errorCount" : 0,
    "errorPct" : 0.0,
    "meanResTime" : 2336.507999999992,
    "medianResTime" : 1976.0,
    "minResTime" : 147.0,
    "maxResTime" : 13711.0,
    "pct1ResTime" : 4306.9,
    "pct2ResTime" : 5207.0,
    "pct3ResTime" : 7209.719999999994,
    "throughput" : 12.4862066435984,
    "receivedKBytesPerSec" : 15.496492058772574,
    "sentKBytesPerSec" : 0.0
  },
  "HTTP Request - enroll" : {
    "transaction" : "HTTP Request - enroll",
    "sampleCount" : 16000,
    "errorCount" : 72,
    "errorPct" : 0.45,
    "meanResTime" : 180.6484999999992,
    "medianResTime" : 48.0,
    "minResTime" : 27.0,
    "maxResTime" : 14788.0,
    "pct1ResTime" : 61.0,
    "pct2ResTime" : 77.0,
    "pct3ResTime" : 6722.829999999996,
    "throughput" : 12.498818471066407,
    "receivedKBytesPerSec" : 91.94286415966732,
    "sentKBytesPerSec" : 21.74248200951316
  }
}