{
  "Total" : {
    "transaction" : "Total",
    "sampleCount" : 32000,
    "errorCount" : 0,
    "errorPct" : 0.0,
    "meanResTime" : 1157.8105312500063,
    "medianResTime" : 583.0,
    "minResTime" : 9.0,
    "maxResTime" : 4190.0,
    "pct1ResTime" : 2622.0,
    "pct2ResTime" : 2845.0,
    "pct3ResTime" : 3257.0,
    "throughput" : 27.457181812019552,
    "receivedKBytesPerSec" : 47.086928418697994,
    "sentKBytesPerSec" : 12.248118566331831
  },
  "Create CSR" : {
    "transaction" : "Create CSR",
    "sampleCount" : 16000,
    "errorCount" : 0,
    "errorPct" : 0.0,
    "meanResTime" : 75.14131250000018,
    "medianResTime" : 75.0,
    "minResTime" : 9.0,
    "maxResTime" : 193.0,
    "pct1ResTime" : 90.0,
    "pct2ResTime" : 94.0,
    "pct3ResTime" : 103.0,
    "throughput" : 13.734223883300299,
    "receivedKBytesPerSec" : 5.393576583963749,
    "sentKBytesPerSec" : 0.0
  },
  "HTTP Request - enroll" : {
    "transaction" : "HTTP Request - enroll",
    "sampleCount" : 16000,
    "errorCount" : 0,
    "errorPct" : 0.0,
    "meanResTime" : 2240.479750000007,
    "medianResTime" : 2216.0,
    "minResTime" : 472.0,
    "maxResTime" : 4190.0,
    "pct1ResTime" : 2848.0,
    "pct2ResTime" : 3051.0,
    "pct3ResTime" : 3411.99,
    "throughput" : 13.732597151687694,
    "receivedKBytesPerSec" : 41.70773146828928,
    "sentKBytesPerSec" : 12.251692783992254
  }
}