{
  "Total" : {
    "transaction" : "Total",
    "sampleCount" : 60,
    "errorCount" : 0,
    "errorPct" : 0.0,
    "meanResTime" : 338.70000000000005,
    "medianResTime" : 242.0,
    "minResTime" : 165.0,
    "maxResTime" : 1232.0,
    "pct1ResTime" : 604.0,
    "pct2ResTime" : 871.099999999999,
    "pct3ResTime" : 1232.0,
    "throughput" : 7.560483870967742,
    "receivedKBytesPerSec" : 32.600648941532256,
    "sentKBytesPerSec" : 6.56004874936996
  },
  "OS Process Sampler" : {
    "transaction" : "OS Process Sampler",
    "sampleCount" : 30,
    "errorCount" : 0,
    "errorPct" : 0.0,
    "meanResTime" : 445.70000000000005,
    "medianResTime" : 367.5,
    "minResTime" : 165.0,
    "maxResTime" : 1232.0,
    "pct1ResTime" : 859.2000000000005,
    "pct2ResTime" : 1198.45,
    "pct3ResTime" : 1232.0,
    "throughput" : 3.9001560062402496,
    "receivedKBytesPerSec" : 4.829490054602184,
    "sentKBytesPerSec" : 0.0
  },
  "HTTP Request - enroll" : {
    "transaction" : "HTTP Request - enroll",
    "sampleCount" : 30,
    "errorCount" : 0,
    "errorPct" : 0.0,
    "meanResTime" : 231.7,
    "medianResTime" : 234.5,
    "minResTime" : 185.0,
    "maxResTime" : 506.0,
    "pct1ResTime" : 243.9,
    "pct2ResTime" : 381.6999999999998,
    "pct3ResTime" : 506.0,
    "throughput" : 4.142502071251036,
    "receivedKBytesPerSec" : 30.595182615299642,
    "sentKBytesPerSec" : 7.188697442004971
  }
}