{
  "Total" : {
    "transaction" : "Total",
    "sampleCount" : 12,
    "errorCount" : 0,
    "errorPct" : 0.0,
    "meanResTime" : 157.41666666666666,
    "medianResTime" : 110.5,
    "minResTime" : 8.0,
    "maxResTime" : 444.0,
    "pct1ResTime" : 444.0,
    "pct2ResTime" : 444.0,
    "pct3ResTime" : 444.0,
    "throughput" : 10.480349344978166,
    "receivedKBytesPerSec" : 15.964451419213974,
    "sentKBytesPerSec" : 4.206468340611353
  },
  "OS Process Sampler" : {
    "transaction" : "OS Process Sampler",
    "sampleCount" : 6,
    "errorCount" : 0,
    "errorPct" : 0.0,
    "meanResTime" : 8.666666666666666,
    "medianResTime" : 9.0,
    "minResTime" : 8.0,
    "maxResTime" : 9.0,
    "pct1ResTime" : 9.0,
    "pct2ResTime" : 9.0,
    "pct3ResTime" : 9.0,
    "throughput" : 6.6815144766147,
    "receivedKBytesPerSec" : 2.0879732739420933,
    "sentKBytesPerSec" : 0.0
  },
  "HTTP Request - enroll" : {
    "transaction" : "HTTP Request - enroll",
    "sampleCount" : 6,
    "errorCount" : 0,
    "errorPct" : 0.0,
    "meanResTime" : 306.16666666666663,
    "medianResTime" : 246.0,
    "minResTime" : 212.0,
    "maxResTime" : 444.0,
    "pct1ResTime" : 444.0,
    "pct2ResTime" : 444.0,
    "pct3ResTime" : 444.0,
    "throughput" : 8.559201141226819,
    "receivedKBytesPerSec" : 23.401279422253925,
    "sentKBytesPerSec" : 6.870764978601998
  }
}