{
  "Total" : {
    "transaction" : "Total",
    "sampleCount" : 32000,
    "errorCount" : 0,
    "errorPct" : 0.0,
    "meanResTime" : 1186.5221250000166,
    "medianResTime" : 164.0,
    "minResTime" : 26.0,
    "maxResTime" : 14498.0,
    "pct1ResTime" : 3342.800000000003,
    "pct2ResTime" : 4226.950000000001,
    "pct3ResTime" : 6292.740000000042,
    "throughput" : 26.313971732215865,
    "receivedKBytesPerSec" : 113.53840707909568,
    "sentKBytesPerSec" : 22.887405650020884
  },
  "Create CSR" : {
    "transaction" : "Create CSR",
    "sampleCount" : 16000,
    "errorCount" : 0,
    "errorPct" : 0.0,
    "meanResTime" : 2321.6769374999803,
    "medianResTime" : 1983.0,
    "minResTime" : 149.0,
    "maxResTime" : 14498.0,
    "pct1ResTime" : 4150.0,
    "pct2ResTime" : 5062.0,
    "pct3ResTime" : 7178.969999999999,
    "throughput" : 13.157364546987829,
    "receivedKBytesPerSec" : 16.329458660794096,
    "sentKBytesPerSec" : 0.0
  },
  "HTTP Request - enroll" : {
    "transaction" : "HTTP Request - enroll",
    "sampleCount" : 16000,
    "errorCount" : 0,
    "errorPct" : 0.0,
    "meanResTime" : 51.36731250000026,
    "medianResTime" : 46.0,
    "minResTime" : 26.0,
    "maxResTime" : 2581.0,
    "pct1ResTime" : 58.0,
    "pct2ResTime" : 68.0,
    "pct3ResTime" : 104.0,
    "throughput" : 13.168409972107662,
    "receivedKBytesPerSec" : 97.2938245584056,
    "sentKBytesPerSec" : 22.907278601992218
  }
}