{
  "Total" : {
    "transaction" : "Total",
    "sampleCount" : 200,
    "errorCount" : 0,
    "errorPct" : 0.0,
    "meanResTime" : 110.55999999999996,
    "medianResTime" : 72.5,
    "minResTime" : 42.0,
    "maxResTime" : 412.0,
    "pct1ResTime" : 230.0,
    "pct2ResTime" : 287.4499999999999,
    "pct3ResTime" : 401.5700000000004,
    "throughput" : 8.900360464598815,
    "receivedKBytesPerSec" : 21.937302523252193,
    "sentKBytesPerSec" : 6.201569522940679
  },
  "Create CSR" : {
    "transaction" : "Create CSR",
    "sampleCount" : 100,
    "errorCount" : 0,
    "errorPct" : 0.0,
    "meanResTime" : 165.55999999999992,
    "medianResTime" : 149.0,
    "minResTime" : 54.0,
    "maxResTime" : 402.0,
    "pct1ResTime" : 276.9,
    "pct2ResTime" : 328.39999999999986,
    "pct3ResTime" : 401.56999999999977,
    "throughput" : 4.458513531588568,
    "receivedKBytesPerSec" : 4.04052788800214,
    "sentKBytesPerSec" : 0.0
  },
  "HTTP Request - enroll" : {
    "transaction" : "HTTP Request - enroll",
    "sampleCount" : 100,
    "errorCount" : 0,
    "errorPct" : 0.0,
    "meanResTime" : 55.559999999999995,
    "medianResTime" : 49.0,
    "minResTime" : 42.0,
    "maxResTime" : 412.0,
    "pct1ResTime" : 54.0,
    "pct2ResTime" : 76.89999999999975,
    "pct3ResTime" : 409.7399999999989,
    "throughput" : 4.505925291758662,
    "receivedKBytesPerSec" : 18.128604740233406,
    "sentKBytesPerSec" : 6.279253311855089
  }
}