{
  "Total" : {
    "transaction" : "Total",
    "sampleCount" : 153600,
    "errorCount" : 133,
    "errorPct" : 0.08658854,
    "meanResTime" : 67.3039583333337,
    "medianResTime" : 45.0,
    "minResTime" : 8.0,
    "maxResTime" : 7009.0,
    "pct1ResTime" : 82.0,
    "pct2ResTime" : 89.0,
    "pct3ResTime" : 106.0,
    "throughput" : 353.5089677584171,
    "receivedKBytesPerSec" : 605.2866580355972,
    "sentKBytesPerSec" : 157.61531439225686
  },
  "Create CSR" : {
    "transaction" : "Create CSR",
    "sampleCount" : 76800,
    "errorCount" : 0,
    "errorPct" : 0.0,
    "meanResTime" : 24.987994791666836,
    "medianResTime" : 24.0,
    "minResTime" : 8.0,
    "maxResTime" : 176.0,
    "pct1ResTime" : 38.0,
    "pct2ResTime" : 42.0,
    "pct3ResTime" : 53.0,
    "throughput" : 176.76180656090114,
    "receivedKBytesPerSec" : 69.37040509927891,
    "sentKBytesPerSec" : 0.0
  },
  "HTTP Request - enroll" : {
    "transaction" : "HTTP Request - enroll",
    "sampleCount" : 76800,
    "errorCount" : 133,
    "errorPct" : 0.17317708,
    "meanResTime" : 109.61992187500019,
    "medianResTime" : 68.0,
    "minResTime" : 16.0,
    "maxResTime" : 7009.0,
    "pct1ResTime" : 88.0,
    "pct2ResTime" : 95.0,
    "pct3ResTime" : 2593.850000000024,
    "throughput" : 176.88882951648083,
    "receivedKBytesPerSec" : 536.3264623486483,
    "sentKBytesPerSec" : 157.73511293649275
  }
}