{
  "Total" : {
    "transaction" : "Total",
    "sampleCount" : 50,
    "errorCount" : 0,
    "errorPct" : 0.0,
    "meanResTime" : 282.91999999999996,
    "medianResTime" : 278.0,
    "minResTime" : 272.0,
    "maxResTime" : 522.0,
    "pct1ResTime" : 281.9,
    "pct2ResTime" : 288.79999999999995,
    "pct3ResTime" : 522.0,
    "throughput" : 3.5097571248069634,
    "receivedKBytesPerSec" : 10.652112873789134,
    "sentKBytesPerSec" : 3.119022444896813
  },
  "HTTP Request - enroll" : {
    "transaction" : "HTTP Request - enroll",
    "sampleCount" : 50,
    "errorCount" : 0,
    "errorPct" : 0.0,
    "meanResTime" : 282.91999999999996,
    "medianResTime" : 278.0,
    "minResTime" : 272.0,
    "maxResTime" : 522.0,
    "pct1ResTime" : 281.9,
    "pct2ResTime" : 288.79999999999995,
    "pct3ResTime" : 522.0,
    "throughput" : 3.5097571248069634,
    "receivedKBytesPerSec" : 10.652112873789134,
    "sentKBytesPerSec" : 3.119022444896813
  }
}