{
  "Total" : {
    "transaction" : "Total",
    "sampleCount" : 153600,
    "errorCount" : 2,
    "errorPct" : 0.0013020834,
    "meanResTime" : 45.29615234374874,
    "medianResTime" : 45.0,
    "minResTime" : 7.0,
    "maxResTime" : 2874.0,
    "pct1ResTime" : 79.0,
    "pct2ResTime" : 87.0,
    "pct3ResTime" : 104.0,
    "throughput" : 522.1967621080973,
    "receivedKBytesPerSec" : 796.123187445392,
    "sentKBytesPerSec" : 210.548816557989
  },
  "Create CSR" : {
    "transaction" : "Create CSR",
    "sampleCount" : 76800,
    "errorCount" : 0,
    "errorPct" : 0.0,
    "meanResTime" : 25.48690104166682,
    "medianResTime" : 25.0,
    "minResTime" : 7.0,
    "maxResTime" : 152.0,
    "pct1ResTime" : 50.0,
    "pct2ResTime" : 60.0,
    "pct3ResTime" : 82.0,
    "throughput" : 261.11524770249184,
    "receivedKBytesPerSec" : 82.23600330473985,
    "sentKBytesPerSec" : 0.0
  },
  "HTTP Request - enroll" : {
    "transaction" : "HTTP Request - enroll",
    "sampleCount" : 76800,
    "errorCount" : 2,
    "errorPct" : 0.0026041667,
    "meanResTime" : 65.10540364583402,
    "medianResTime" : 64.0,
    "minResTime" : 15.0,
    "maxResTime" : 2874.0,
    "pct1ResTime" : 87.0,
    "pct2ResTime" : 94.0,
    "pct3ResTime" : 111.0,
    "throughput" : 261.38985889031835,
    "receivedKBytesPerSec" : 714.6894518353873,
    "sentKBytesPerSec" : 210.78386326043005
  }
}