{
  "Total" : {
    "transaction" : "Total",
    "sampleCount" : 40000,
    "errorCount" : 0,
    "errorPct" : 0.0,
    "meanResTime" : 64.68462499999958,
    "medianResTime" : 58.0,
    "minResTime" : 7.0,
    "maxResTime" : 622.0,
    "pct1ResTime" : 122.0,
    "pct2ResTime" : 132.0,
    "pct3ResTime" : 151.0,
    "throughput" : 305.0943122792834,
    "receivedKBytesPerSec" : 338.05822575978016,
    "sentKBytesPerSec" : 123.24439675227104
  },
  "Create CSR" : {
    "transaction" : "Create CSR",
    "sampleCount" : 20000,
    "errorCount" : 0,
    "errorPct" : 0.0,
    "meanResTime" : 22.55624999999996,
    "medianResTime" : 21.0,
    "minResTime" : 7.0,
    "maxResTime" : 131.0,
    "pct1ResTime" : 34.0,
    "pct2ResTime" : 39.0,
    "pct3ResTime" : 48.0,
    "throughput" : 152.59021896696424,
    "receivedKBytesPerSec" : 48.01227397573816,
    "sentKBytesPerSec" : 0.0
  },
  "HTTP Request - enroll" : {
    "transaction" : "HTTP Request - enroll",
    "sampleCount" : 20000,
    "errorCount" : 0,
    "errorPct" : 0.0,
    "meanResTime" : 106.81299999999969,
    "medianResTime" : 104.0,
    "minResTime" : 37.0,
    "maxResTime" : 622.0,
    "pct1ResTime" : 133.0,
    "pct2ResTime" : 142.0,
    "pct3ResTime" : 162.0,
    "throughput" : 152.88649706457926,
    "receivedKBytesPerSec" : 290.704738370593,
    "sentKBytesPerSec" : 123.51855373195939
  }
}