{
  "Total" : {
    "transaction" : "Total",
    "sampleCount" : 15000,
    "errorCount" : 7500,
    "errorPct" : 50.0,
    "meanResTime" : 226.40820000000062,
    "medianResTime" : 294.0,
    "minResTime" : 13.0,
    "maxResTime" : 28164.0,
    "pct1ResTime" : 426.0,
    "pct2ResTime" : 434.0,
    "pct3ResTime" : 444.0,
    "throughput" : 14.362134519581813,
    "receivedKBytesPerSec" : 23.75137061141043,
    "sentKBytesPerSec" : 11.528979077242433
  },
  "HTTP Request - enroll" : {
    "transaction" : "HTTP Request - enroll",
    "sampleCount" : 15000,
    "errorCount" : 7500,
    "errorPct" : 50.0,
    "meanResTime" : 226.40820000000062,
    "medianResTime" : 294.0,
    "minResTime" : 13.0,
    "maxResTime" : 28164.0,
    "pct1ResTime" : 426.0,
    "pct2ResTime" : 434.0,
    "pct3ResTime" : 444.0,
    "throughput" : 14.362134519581813,
    "receivedKBytesPerSec" : 23.75137061141043,
    "sentKBytesPerSec" : 11.528979077242433
  }
}