{
  "Total" : {
    "transaction" : "Total",
    "sampleCount" : 20000,
    "errorCount" : 0,
    "errorPct" : 0.0,
    "meanResTime" : 13.681250000000015,
    "medianResTime" : 15.0,
    "minResTime" : 6.0,
    "maxResTime" : 970.0,
    "pct1ResTime" : 20.0,
    "pct2ResTime" : 23.0,
    "pct3ResTime" : 30.0,
    "throughput" : 71.11996159522074,
    "receivedKBytesPerSec" : 108.34243053024377,
    "sentKBytesPerSec" : 28.545218960581764
  },
  "Create CSR" : {
    "transaction" : "Create CSR",
    "sampleCount" : 10000,
    "errorCount" : 0,
    "errorPct" : 0.0,
    "meanResTime" : 8.447699999999992,
    "medianResTime" : 8.0,
    "minResTime" : 6.0,
    "maxResTime" : 28.0,
    "pct1ResTime" : 10.0,
    "pct2ResTime" : 12.0,
    "pct3ResTime" : 17.0,
    "throughput" : 35.56225706533142,
    "receivedKBytesPerSec" : 11.113205332916069,
    "sentKBytesPerSec" : 0.0
  },
  "HTTP Request - enroll" : {
    "transaction" : "HTTP Request - enroll",
    "sampleCount" : 10000,
    "errorCount" : 0,
    "errorPct" : 0.0,
    "meanResTime" : 18.914800000000035,
    "medianResTime" : 18.0,
    "minResTime" : 12.0,
    "maxResTime" : 970.0,
    "pct1ResTime" : 23.0,
    "pct2ResTime" : 26.0,
    "pct3ResTime" : 33.0,
    "throughput" : 35.584149396492826,
    "receivedKBytesPerSec" : 97.29601956260854,
    "sentKBytesPerSec" : 28.564619925700296
  }
}