{
  "Total" : {
    "transaction" : "Total",
    "sampleCount" : 32000,
    "errorCount" : 34,
    "errorPct" : 0.10625,
    "meanResTime" : 1226.701281250003,
    "medianResTime" : 155.5,
    "minResTime" : 28.0,
    "maxResTime" : 14246.0,
    "pct1ResTime" : 3319.0,
    "pct2ResTime" : 4250.0,
    "pct3ResTime" : 6468.910000000014,
    "throughput" : 25.60887091288422,
    "receivedKBytesPerSec" : 110.3008472759964,
    "sentKBytesPerSec" : 22.274122005862832
  },
  "Create CSR" : {
    "transaction" : "Create CSR",
    "sampleCount" : 16000,
    "errorCount" : 0,
    "errorPct" : 0.0,
    "meanResTime" : 2323.1794375000013,
    "medianResTime" : 1969.0,
    "minResTime" : 130.0,
    "maxResTime" : 12321.0,
    "pct1ResTime" : 4218.0,
    "pct2ResTime" : 5120.0,
    "pct3ResTime" : 7163.9299999999985,
    "throughput" : 12.804763371974374,
    "receivedKBytesPerSec" : 15.891849267927668,
    "sentKBytesPerSec" : 0.0
  },
  "HTTP Request - enroll" : {
    "transaction" : "HTTP Request - enroll",
    "sampleCount" : 16000,
    "errorCount" : 34,
    "errorPct" : 0.2125,
    "meanResTime" : 130.223125000001,
    "medianResTime" : 47.0,
    "minResTime" : 28.0,
    "maxResTime" : 14246.0,
    "pct1ResTime" : 59.0,
    "pct2ResTime" : 73.0,
    "pct3ResTime" : 4197.459999999988,
    "throughput" : 12.81595329866618,
    "receivedKBytesPerSec" : 94.49432810212153,
    "sentKBytesPerSec" : 22.294158017900685
  }
}