{
  "Total" : {
    "transaction" : "Total",
    "sampleCount" : 12,
    "errorCount" : 0,
    "errorPct" : 0.0,
    "meanResTime" : 373.5,
    "medianResTime" : 232.5,
    "minResTime" : 20.0,
    "maxResTime" : 1001.0,
    "pct1ResTime" : 1000.4,
    "pct2ResTime" : 1001.0,
    "pct3ResTime" : 1001.0,
    "throughput" : 4.936240230357877,
    "receivedKBytesPerSec" : 7.548575046277252,
    "sentKBytesPerSec" : 2.0149886877828056
  },
  "OS Process Sampler" : {
    "transaction" : "OS Process Sampler",
    "sampleCount" : 6,
    "errorCount" : 0,
    "errorPct" : 0.0,
    "meanResTime" : 24.666666666666664,
    "medianResTime" : 24.0,
    "minResTime" : 20.0,
    "maxResTime" : 31.0,
    "pct1ResTime" : 31.0,
    "pct2ResTime" : 31.0,
    "pct3ResTime" : 31.0,
    "throughput" : 3.0364372469635628,
    "receivedKBytesPerSec" : 0.9488866396761134,
    "sentKBytesPerSec" : 0.0
  },
  "HTTP Request - enroll" : {
    "transaction" : "HTTP Request - enroll",
    "sampleCount" : 6,
    "errorCount" : 0,
    "errorPct" : 0.0,
    "meanResTime" : 722.3333333333334,
    "medianResTime" : 724.5,
    "minResTime" : 434.0,
    "maxResTime" : 1001.0,
    "pct1ResTime" : 1001.0,
    "pct2ResTime" : 1001.0,
    "pct3ResTime" : 1001.0,
    "throughput" : 4.037685060565276,
    "receivedKBytesPerSec" : 11.087204533983849,
    "sentKBytesPerSec" : 3.2963913189771197
  }
}