{
  "Total" : {
    "transaction" : "Total",
    "sampleCount" : 3200,
    "errorCount" : 5,
    "errorPct" : 0.15625,
    "meanResTime" : 81.89999999999996,
    "medianResTime" : 74.0,
    "minResTime" : 16.0,
    "maxResTime" : 744.0,
    "pct1ResTime" : 102.0,
    "pct2ResTime" : 111.0,
    "pct3ResTime" : 232.449999999988,
    "throughput" : 377.62567854614116,
    "receivedKBytesPerSec" : 1029.7373307322398,
    "sentKBytesPerSec" : 313.9889293721973
  },
  "HTTP Request - enroll" : {
    "transaction" : "HTTP Request - enroll",
    "sampleCount" : 3200,
    "errorCount" : 5,
    "errorPct" : 0.15625,
    "meanResTime" : 81.89999999999996,
    "medianResTime" : 74.0,
    "minResTime" : 16.0,
    "maxResTime" : 744.0,
    "pct1ResTime" : 102.0,
    "pct2ResTime" : 111.0,
    "pct3ResTime" : 232.449999999988,
    "throughput" : 377.62567854614116,
    "receivedKBytesPerSec" : 1029.7373307322398,
    "sentKBytesPerSec" : 313.9889293721973
  }
}