{
  "Total" : {
    "transaction" : "Total",
    "sampleCount" : 10,
    "errorCount" : 0,
    "errorPct" : 0.0,
    "meanResTime" : 76.5,
    "medianResTime" : 29.0,
    "minResTime" : 25.0,
    "maxResTime" : 501.0,
    "pct1ResTime" : 455.00000000000017,
    "pct2ResTime" : 501.0,
    "pct3ResTime" : 501.0,
    "throughput" : 12.610340479192939,
    "receivedKBytesPerSec" : 15.872527191046657,
    "sentKBytesPerSec" : 9.999605926860024
  },
  "HTTP Request - enroll" : {
    "transaction" : "HTTP Request - enroll",
    "sampleCount" : 10,
    "errorCount" : 0,
    "errorPct" : 0.0,
    "meanResTime" : 76.5,
    "medianResTime" : 29.0,
    "minResTime" : 25.0,
    "maxResTime" : 501.0,
    "pct1ResTime" : 455.00000000000017,
    "pct2ResTime" : 501.0,
    "pct3ResTime" : 501.0,
    "throughput" : 12.610340479192939,
    "receivedKBytesPerSec" : 15.872527191046657,
    "sentKBytesPerSec" : 9.999605926860024
  }
}